36.5,-79.5,-16.1,37.2
-43.5,-73.5,-1.1,26.1
17.5,-88.5,15.6,30.0
60.5,-111.5,-48.1,29.6
52.5,32.5,-32.2,33.9
8.5,80.5,23.9,35.0
26.5,8.5,0.0,43.9
20.5,0.5,8.9,46.1
48.5,35.5,-25.0,37.8
34.5,135.5,-4.8,35.2
56.5,25.5,-33.9,28.9
52.5,-168.5,-9.2,15.6
52.5,70.5,-42.2,38.9
67.5,-50.5,-41.7,22.4
51.5,118.5,-47.8,32.2
-12.5,136.5,21.1,36.0
22.5,18.5,-2.8,37.2
-52.5,-75.5,0.0,13.9
42.5,-123.5,-10.0,32.8
-29.5,146.5,5.0,41.7
58.5,26.5,-36.1,30.0
51.5,142.5,-46.1,31.1
55.5,95.5,-51.1,36.1
64.5,40.5,-40.0,31.1
57.5,-152.5,-20.0,28.3
-33.5,-78.5,6.1,25.0
50.5,80.5,-47.2,37.2
63.5,-160.5,-41.1,29.4
44.5,-63.5,-25.3,30.2
-37.5,144.5,-2.2,42.9
30.5,-91.5,-8.9,37.2
52.5,29.5,-33.9,30.0
51.5,-131.5,-9.4,20.6
56.5,21.5,-27.8,33.9
29.5,-81.5,-4.4,35.6
44.5,145.5,-18.9,27.2
41.5,-85.5,-26.7,35.0
50.5,132.5,-50.0,32.8
-36.5,141.5,-2.8,43.9
13.5,7.5,8.9,42.8
31.5,5.5,-1.1,46.1
56.5,90.5,-42.2,33.9
55.5,74.5,-45.0,37.8
45.5,39.5,-26.1,40.0
58.5,-134.5,-30.0,28.3
-9.5,-75.5,5.0,30.0
39.5,26.5,-6.1,37.2
38.5,-94.5,-25.6,38.9
53.5,48.5,-36.1,36.1
49.5,72.5,-41.1,36.1
43.5,23.5,-12.8,33.9
44.5,78.5,-31.1,28.9
35.5,51.5,-10.0,41.1
44.5,26.5,-17.8,35.0
46.5,1.5,-16.1,32.2
57.5,158.5,-37.2,26.1
58.5,41.5,-40.0,32.2
-34.5,-58.5,-6.1,37.8
14.5,13.5,7.8,41.1
0.5,35.5,5.0,28.9
72.5,141.5,-42.2,23.9
55.5,84.5,-47.8,33.9
59.5,112.5,-60.0,35.0
49.5,75.5,-40.0,33.9
54.5,74.5,-42.8,36.1
52.5,39.5,-35.0,32.8
44.5,70.5,-37.8,41.1
-28.5,114.5,1.7,46.2
64.5,143.5,-58.9,32.8
35.5,44.5,-3.9,47.2
63.5,45.5,-48.9,31.1
70.5,89.5,-51.1,30.0
14.5,102.5,11.9,40.2
43.5,-124.5,-3.9,31.1
5.5,-76.5,20.0,36.1
61.5,129.5,-57.8,33.9
23.5,5.5,0.0,45.0
29.5,30.5,-1.1,40.0
31.5,38.5,-5.0,43.9
78.5,-103.5,-48.1,14.6
45.5,9.5,-8.9,33.9
-25.5,153.5,9.2,34.5
2.5,32.5,13.9,37.2
40.5,29.5,-7.2,38.9
54.5,124.5,-45.0,32.2
55.5,71.5,-43.9,36.1
55.5,28.5,-32.2,30.0
55.5,105.5,-47.2,32.8
53.5,160.5,-17.2,22.8
41.5,-109.5,-25.6,33.3
43.5,40.5,-2.2,35.0
14.5,-88.5,6.1,31.1
27.5,-15.5,8.9,37.2
47.5,-117.5,-30.0,39.4
60.5,124.5,-53.9,35.0
51.5,7.5,-17.2,31.1
35.5,-85.5,-22.8,38.3
29.5,-98.5,-10.3,40.7
-30.5,138.5,-1.7,44.3
50.5,65.5,-42.8,38.9
51.5,6.5,-12.2,31.1
48.5,-114.5,-36.1,37.8
46.5,-79.5,-30.9,32.4
46.5,59.5,-33.9,38.9
53.5,89.5,-46.1,32.8
-35.5,137.5,8.8,36.8
-29.5,-66.5,-2.8,42.2
33.5,-88.5,-18.7,38.5
48.5,83.5,-47.8,32.2
41.5,76.5,-32.2,32.2
76.5,137.5,-45.0,17.2
-12.5,130.5,13.9,36.3
62.5,114.5,-52.2,33.9
53.5,120.5,-47.2,35.0
64.5,60.5,-50.0,30.0
38.5,128.5,-27.0,35.7
44.5,75.5,-36.1,37.8
51.5,127.5,-46.1,36.1
19.5,103.5,4.1,29.1
44.5,37.5,-17.2,33.9
21.5,-159.5,11.1,31.1
51.5,140.5,-37.2,27.8
26.5,27.5,-3.3,34.4
42.5,41.5,-16.1,36.1
51.5,43.5,-28.9,33.9
38.5,-92.5,-23.9,39.4
51.5,48.5,-37.2,35.0
44.5,33.5,-10.0,30.0
20.5,58.5,11.1,42.2
54.5,37.5,-36.1,32.8
29.5,-90.5,-7.2,36.7
57.5,-114.5,-52.8,37.2
69.5,87.5,-51.1,31.1
45.5,135.5,-41.1,32.2
62.5,45.5,-42.8,30.0
-3.5,36.5,8.9,32.8
15.5,-83.5,18.9,32.8
37.5,42.5,-12.2,41.1
47.5,10.5,-32.2,33.9
66.5,179.5,-38.9,22.2
8.5,81.5,17.8,38.9
47.5,33.5,-25.0,33.9
39.5,27.5,-15.0,38.9
31.5,54.5,-10.0,42.8
62.5,60.5,-48.9,32.2
50.5,38.5,-30.0,35.0
49.5,-97.5,-44.8,34.1
36.5,-104.5,-22.2,33.9
27.5,-82.5,-4.4,36.1
57.5,39.5,-37.8,32.2
67.5,32.5,-37.2,28.9
36.5,-90.5,17.8,17.8
67.5,178.5,-46.1,28.9
48.5,30.5,-27.2,33.9
44.5,27.5,-22.8,36.1
49.5,69.5,-42.8,37.2
-34.5,149.5,-2.7,35.0
31.5,-81.5,-11.1,37.2
30.5,56.5,-7.8,38.9
35.5,-108.5,-23.3,37.2
48.5,140.5,-36.1,32.2
56.5,30.5,-35.0,31.1
59.5,45.5,-43.9,30.0
49.5,139.5,-42.8,32.2
41.5,45.5,-16.1,33.9
54.5,115.5,-51.1,31.1
55.5,75.5,-46.1,36.1
49.5,54.5,-37.2,37.8
49.5,117.5,-38.9,37.2
51.5,36.5,-32.2,32.8
66.5,65.5,-36.1,22.2
52.5,101.5,-48.9,32.2
-6.5,106.5,22.2,37.2
39.5,-95.5,-22.8,40.0
53.5,33.5,-33.9,32.2
-38.5,147.5,-2.2,41.2
15.5,108.5,14.1,42.9
44.5,-85.5,-27.8,36.1
30.5,31.5,3.9,42.2
43.5,73.5,-40.0,37.2
-32.5,116.5,3.4,40.6
46.5,-92.5,-37.2,33.3
10.5,-74.5,21.1,37.8
50.5,133.5,-46.1,31.1
19.5,-81.5,12.8,33.3
22.5,30.5,0.6,42.2
45.5,62.5,-36.1,40.0
46.5,-68.5,-32.8,33.9
53.5,109.5,-47.8,32.8
51.5,95.5,-52.8,36.1
68.5,158.5,-50.0,27.8
-19.5,134.5,7.4,43.2
-31.5,-54.5,-5.0,38.1
69.5,135.5,-60.0,28.9
75.5,143.5,-42.8,12.8
50.5,57.5,-38.9,38.9
57.5,112.5,-52.2,27.8
48.5,39.5,-27.8,37.2
48.5,110.5,-33.9,32.8
3.5,41.5,20.0,37.8
37.5,-92.5,-23.3,38.9
47.5,84.5,-38.9,37.2
45.5,43.5,-27.2,38.9
46.5,43.5,-27.8,37.8
35.5,-117.5,-11.7,44.4
52.5,33.5,-32.2,32.2
63.5,-168.5,-35.6,19.4
34.5,-76.5,-11.1,36.7
65.5,57.5,-47.8,31.1
48.5,-93.5,-42.2,35.0
49.5,84.5,-47.2,36.1
52.5,27.5,-36.1,30.0
41.5,43.5,-23.9,33.9
-12.5,143.5,17.8,31.4
45.5,6.5,-18.9,22.8
-3.5,38.5,15.0,37.8
41.5,44.5,-17.8,37.2
36.5,-127.5,-25.5,35.0
46.5,26.5,-22.2,32.2
48.5,1.5,-18.3,29.4
47.5,35.5,-25.0,36.1
61.5,82.5,-51.1,36.1
43.5,-69.5,-27.2,34.4
-5.5,12.5,16.1,32.2
-37.5,149.5,5.1,39.2
58.5,126.5,-53.9,36.1
46.5,80.5,-42.2,40.0
47.5,21.5,-17.8,33.9
-31.5,-68.5,-3.9,37.8
51.5,30.5,-33.9,30.0
56.5,78.5,-47.8,33.9
68.5,37.5,-22.2,28.9
47.5,-124.5,-12.2,32.8
42.5,-87.5,-30.0,37.2
41.5,52.5,-17.2,37.8
52.5,42.5,-33.9,36.1
55.5,44.5,-35.0,32.8
54.5,86.5,-42.2,33.9
34.5,-1.5,-1.1,42.2
55.5,134.5,-42.2,33.9
47.5,137.5,-42.2,30.0
31.5,27.5,5.0,42.2
75.5,113.5,-43.9,20.0
-28.5,151.5,0.6,35.2
58.5,68.5,-48.9,32.8
68.5,43.5,-32.2,25.0
39.5,-118.5,-20.0,39.4
57.5,81.5,-47.8,33.9
43.5,47.5,-22.2,35.0
39.5,-101.5,-25.0,41.1
-21.5,114.5,15.6,38.0
41.5,-122.5,-13.9,35.6
59.5,65.5,-47.8,32.2
43.5,104.5,-31.1,32.8
42.5,14.5,-8.9,36.1
0.5,33.5,15.0,37.2
30.5,35.5,-6.1,40.0
39.5,17.5,-2.8,38.9
48.5,27.5,-23.9,32.8
56.5,60.5,-42.8,32.2
68.5,118.5,-62.2,32.2
42.5,-106.5,-32.8,37.2
-34.5,140.5,1.3,45.0
31.5,-2.5,-3.9,42.8
34.5,22.5,7.8,33.3
53.5,107.5,-37.8,23.9
43.5,27.5,-12.2,32.2
56.5,75.5,-48.9,33.9
26.5,29.5,-5.6,32.8
37.5,-127.5,-27.2,35.0
29.5,26.5,-7.2,37.2
29.5,-10.5,10.0,41.1
57.5,104.5,-51.1,32.2
36.5,1.5,-1.1,45.0
48.5,71.5,-37.8,36.1
15.5,-1.5,12.2,45.0
19.5,-14.5,12.8,46.1
51.5,156.5,-22.2,26.1
61.5,40.5,-37.2,30.0
31.5,25.5,-5.6,42.8
31.5,33.5,7.2,36.1
49.5,-11.5,-28.1,33.5
51.5,82.5,-46.1,35.0
30.5,-93.5,-5.6,36.7
38.5,43.5,-25.0,36.1
54.5,32.5,-31.1,31.1
62.5,134.5,-57.8,32.8
30.5,-85.5,-10.3,35.7
44.5,77.5,-42.2,37.8
-15.5,-47.5,5.0,34.1
57.5,65.5,-42.8,33.9
25.5,-97.5,0.0,36.8
32.5,-114.5,-2.2,46.1
55.5,-162.5,-18.3,23.3
49.5,144.5,-35.0,18.9
37.5,62.5,-23.9,42.8
57.5,71.5,-48.9,35.0
-42.5,-71.5,-17.2,32.2
43.5,79.5,-26.1,31.1
-14.5,13.5,6.1,32.8
60.5,154.5,-40.0,26.1
64.5,177.5,-43.9,26.1
38.5,29.5,-18.9,33.9
-24.5,149.5,8.8,32.2
63.5,136.5,-52.2,32.8
51.5,133.5,-50.0,32.8
41.5,-103.5,-31.1,38.9
43.5,-79.5,-24.8,34.6
29.5,-43.5,-5.0,46.1
52.5,137.5,-48.9,35.0
49.5,137.5,-38.9,31.1
63.5,-152.5,-47.8,30.0
71.5,-124.5,-49.4,20.6
41.5,64.5,-27.8,42.8
59.5,127.5,-55.0,36.1
50.5,-105.5,-36.4,37.9
-43.5,147.5,2.2,32.8
45.5,60.5,-32.8,32.2
26.5,18.5,-0.6,40.0
39.5,-121.5,-5.6,42.2
15.5,-9.5,6.1,43.9
35.5,24.5,-1.1,38.9
51.5,46.5,-35.0,36.1
63.5,79.5,-48.9,33.9
-54.5,-67.5,-7.8,21.1
54.5,56.5,-45.0,33.9
41.5,126.5,-36.1,35.0
60.5,51.5,-46.1,30.0
57.5,136.5,-52.2,33.9
42.5,26.5,-12.8,33.9
38.5,-77.5,-21.7,38.3
46.5,29.5,-18.9,37.8
41.5,57.5,-27.2,43.9
46.5,76.5,-35.0,35.0
55.5,108.5,-45.0,27.2
-28.5,152.5,-0.4,32.8
49.5,143.5,-31.1,28.9
46.5,141.5,-20.0,26.1
33.5,-101.5,-18.3,40.6
64.5,-173.5,-37.8,20.0
44.5,45.5,-25.0,37.8
48.5,130.5,-42.8,33.9
17.5,-14.5,12.8,43.9
59.5,68.5,-51.1,32.8
-0.5,34.5,12.8,36.1
35.5,-94.5,-17.8,41.7
68.5,86.5,-51.1,27.8
57.5,163.5,-32.2,22.2
-34.5,-54.5,2.2,31.1
48.5,132.5,-37.8,32.2
49.5,86.5,-37.2,21.1
40.5,-3.5,-9.4,41.1
-90.5,0.5,-80.0,-18.1
56.5,107.5,-52.2,32.2
37.5,24.5,-1.1,33.9
54.5,105.5,-50.0,32.2
16.5,-7.5,12.2,46.1
63.5,30.5,-42.2,28.9
37.5,32.5,-17.2,37.2
49.5,4.5,-13.9,32.8
28.5,-97.5,-7.2,41.1
37.5,-79.5,-18.3,37.2
50.5,9.5,-22.0,32.4
50.5,45.5,-35.0,36.1
-35.5,144.5,0.0,38.3
10.5,-68.5,20.0,32.8
51.5,113.5,-42.2,30.0
-23.5,144.5,1.7,42.8
54.5,83.5,-43.9,32.8
52.5,120.5,-51.1,35.0
58.5,25.5,-32.2,28.9
-35.5,150.5,3.3,39.4
0.5,34.5,13.9,32.8
47.5,16.5,-17.2,26.1
42.5,-122.5,-10.0,41.1
37.5,38.5,-6.1,42.2
52.5,131.5,-50.0,32.2
48.5,13.5,-22.2,31.1
54.5,36.5,-35.0,32.8
50.5,129.5,-47.8,33.9
54.5,158.5,-38.9,30.0
-9.5,-54.5,9.9,36.3
48.5,43.5,-27.8,35.0
46.5,57.5,-32.8,38.9
52.5,48.5,-38.9,35.0
73.5,118.5,-47.8,25.0
37.5,22.5,-11.1,38.9
37.5,-81.5,-23.3,31.7
59.5,62.5,-45.0,27.8
50.5,140.5,-35.0,26.1
33.5,18.5,0.0,37.8
22.5,29.5,7.2,40.6
56.5,97.5,-42.8,35.0
64.5,45.5,-43.9,30.0
47.5,66.5,-36.1,37.8
54.5,43.5,-36.1,33.9
-13.5,-70.5,8.9,32.2
39.5,20.5,-12.2,36.1
-29.5,-71.5,2.2,26.1
38.5,30.5,-15.0,36.1
28.5,-96.5,-6.7,37.8
52.5,71.5,-40.0,28.9
36.5,33.5,0.0,37.8
27.5,-0.5,-2.2,47.2
-33.5,147.5,-2.2,44.0
-40.5,-62.5,-2.2,38.9
54.5,52.5,-37.2,30.0
20.5,28.5,-2.8,36.1
65.5,135.5,-60.0,30.0
68.5,145.5,-57.2,30.0
36.5,6.5,-2.2,42.8
27.5,30.5,1.1,32.8
50.5,33.5,-27.8,35.0
-34.5,-71.5,-5.0,32.8
66.5,-151.5,-52.2,32.2
-32.5,-56.5,2.2,35.0
36.5,37.5,-8.9,42.2
37.5,27.5,-2.2,40.0
51.5,83.5,-47.2,32.8
-30.5,145.5,3.9,42.8
28.5,-177.5,11.1,31.7
59.5,150.5,-33.9,23.9
-31.5,141.5,0.8,42.4
49.5,63.5,-41.1,38.9
53.5,55.5,-42.2,30.0
63.5,141.5,-58.9,30.0
64.5,120.5,-57.8,33.9
41.5,31.5,-6.1,32.2
69.5,35.5,-23.9,26.1
48.5,135.5,-35.0,33.9
34.5,47.5,-17.8,41.1
70.5,83.5,-51.1,27.8
56.5,32.5,-33.9,31.1
-28.5,149.5,3.9,34.4
52.5,82.5,-42.2,37.2
81.5,58.5,-42.8,11.1
49.5,12.5,-20.0,32.8
68.5,-133.5,-49.7,29.6
57.5,55.5,-45.0,31.1
56.5,92.5,-42.8,35.0
9.5,138.5,21.7,32.8
49.5,73.5,-41.1,37.2
-5.5,-80.5,12.2,36.1
18.5,31.5,-1.1,31.1
59.5,133.5,-56.1,33.9
33.5,19.5,-2.2,36.1
56.5,53.5,-41.1,31.1
50.5,142.5,-46.1,28.9
16.5,-9.5,10.0,43.9
46.5,135.5,-45.0,32.8
45.5,72.5,-40.0,37.8
53.5,123.5,-47.8,36.1
-34.5,-60.5,-6.1,41.1
-41.5,174.5,-1.1,26.3
23.5,31.5,8.9,41.7
38.5,-93.5,-23.9,39.4
18.5,29.5,-4.4,36.1
49.5,40.5,-32.2,37.2
-16.5,123.5,18.8,37.3
25.5,-11.5,7.2,46.1
63.5,64.5,-47.8,28.9
45.5,33.5,-21.1,36.1
50.5,7.5,-17.2,32.2
44.5,65.5,-33.9,40.0
11.5,108.5,5.8,40.7
47.5,26.5,-21.1,32.8
-7.5,-76.5,13.9,36.1
53.5,102.5,-47.2,32.8
35.5,35.5,1.1,35.0
-38.5,144.5,2.7,39.0
62.5,117.5,-58.9,33.9
-36.5,-64.5,-7.8,37.8
51.5,86.5,-45.0,33.9
50.5,-97.5,-44.8,32.9
49.5,115.5,-38.9,36.1
-12.5,15.5,3.9,31.1
55.5,52.5,-41.1,32.8
-33.5,-54.5,-2.8,36.1
45.5,26.5,-16.1,33.9
26.5,34.5,12.2,33.9
28.5,24.5,-2.8,38.9
17.5,104.5,5.8,40.2
63.5,48.5,-46.1,31.1
59.5,143.5,-37.2,27.2
58.5,23.5,-27.8,27.2
-34.5,-56.5,-3.9,38.9
44.5,62.5,-37.2,42.2
46.5,67.5,-41.1,38.9
51.5,91.5,-47.8,35.0
57.5,156.5,-32.8,27.8
44.5,-121.5,-23.3,38.9
53.5,101.5,-43.9,31.1
42.5,23.5,-27.8,32.2
69.5,167.5,-45.0,22.8
55.5,165.5,-16.1,20.0
30.5,26.5,-7.2,37.8
-34.5,-63.5,-7.2,40.0
32.5,34.5,1.1,38.9
-32.5,151.5,-2.6,40.0
32.5,59.5,-10.0,42.8
64.5,142.5,-58.9,31.1
62.5,-155.5,-47.8,32.9
50.5,87.5,-47.2,28.9
45.5,131.5,-33.9,32.8
37.5,25.5,2.2,32.8
43.5,-76.5,-30.6,35.6
13.5,-89.5,13.9,35.0
42.5,-71.5,-29.4,36.8
27.5,23.5,-4.4,37.2
59.5,80.5,-47.8,32.2
38.5,24.5,-5.0,37.2
51.5,90.5,-52.2,32.2
59.5,-151.5,-24.4,25.6
-30.5,115.5,10.3,41.0
35.5,-82.5,-21.7,35.0
54.5,76.5,-43.9,36.1
51.5,107.5,-41.1,36.1
47.5,31.5,-25.0,35.0
55.5,53.5,-46.1,32.2
55.5,126.5,-48.9,33.9
52.5,-139.5,-41.1,32.2
56.5,38.5,-36.1,32.2
47.5,81.5,-42.8,36.1
57.5,97.5,-43.9,32.8
54.5,116.5,-52.2,30.0
4.5,-75.5,1.1,37.2
62.5,111.5,-57.8,31.1
27.5,27.5,-5.6,42.2
26.5,24.5,-1.7,37.8
51.5,103.5,-36.1,27.8
64.5,43.5,-47.8,30.0
44.5,132.5,-33.9,32.8
35.5,-86.5,-26.1,35.7
-30.5,121.5,-2.7,42.8
55.5,89.5,-45.0,32.8
20.5,-156.5,11.7,33.3
41.5,-79.5,-22.2,31.7
-7.5,20.5,12.8,36.1
33.5,-115.5,0.8,27.4
63.5,96.5,-55.0,32.2
65.5,142.5,-57.8,33.9
6.5,158.5,21.1,32.2
39.5,-77.5,-18.1,35.7
-17.5,122.5,5.8,40.9
41.5,62.5,-28.9,42.8
49.5,92.5,-47.2,32.2
9.5,-75.5,15.0,38.9
58.5,98.5,-51.1,33.9
2.5,102.5,20.0,32.8
48.5,10.5,-20.0,36.7
56.5,119.5,-53.9,30.0
59.5,81.5,-50.0,35.0
78.5,14.5,-36.1,15.0
46.5,55.5,-31.1,37.2
53.5,112.5,-48.9,31.1
47.5,34.5,-25.0,35.0
65.5,39.5,-33.9,30.0
30.5,-81.5,-7.2,37.2
52.5,117.5,-47.8,33.9
32.5,35.5,-3.9,40.0
76.5,94.5,-43.9,16.1
42.5,46.5,-12.8,33.9
46.5,38.5,-22.2,38.9
55.5,45.5,-37.8,32.8
-24.5,153.5,9.9,30.0
39.5,125.5,-22.8,35.0
68.5,124.5,-57.2,31.1
5.5,100.5,20.0,35.0
12.5,108.5,14.1,37.4
50.5,11.5,-22.8,31.1
58.5,45.5,-37.8,31.1
-56.5,-68.5,-6.1,13.9
32.5,-110.5,-6.1,43.9
54.5,41.5,-37.2,32.8
60.5,120.5,-55.0,36.1
54.5,-133.5,-11.1,20.0
-12.5,-69.5,8.9,37.2
-38.5,145.5,-2.8,39.9
62.5,56.5,-48.9,32.2
9.5,80.5,17.8,35.0
78.5,98.5,-47.2,10.0
46.5,100.5,-40.0,32.2
51.5,72.5,-42.2,40.0
30.5,-98.5,-8.7,39.1
45.5,78.5,-40.0,37.8
39.5,23.5,-22.2,35.0
53.5,32.5,-31.1,32.2
51.5,67.5,-41.1,37.2
-21.5,149.5,5.6,34.3
43.5,141.5,-17.6,32.4
53.5,34.5,-32.2,31.1
58.5,43.5,-40.0,31.1
48.5,40.5,-28.9,37.2
49.5,-7.5,-19.2,32.4
54.5,69.5,-43.9,36.1
-18.5,-70.5,7.2,28.9
31.5,19.5,-3.3,38.3
60.5,116.5,-55.0,36.1
41.5,-1.5,-5.9,39.1
45.5,79.5,-30.0,33.9
49.5,138.5,-36.1,28.9
52.5,61.5,-37.8,37.2
1.5,-77.5,8.9,30.0
38.5,-79.5,-26.1,31.7
36.5,3.5,0.0,40.0
18.5,-11.5,10.0,47.2
49.5,57.5,-35.0,36.1
-16.5,145.5,12.3,37.9
46.5,49.5,-28.9,35.0
61.5,109.5,-61.1,32.8
6.5,80.5,5.0,27.2
-16.5,122.5,15.7,40.9
58.5,81.5,-47.2,33.9
51.5,58.5,-40.0,31.1
46.5,150.5,-16.1,23.9
32.5,-84.5,-16.1,38.3
37.5,-75.5,-12.8,36.1
51.5,69.5,-42.2,37.2
28.5,-81.5,-4.4,36.3
72.5,129.5,-27.8,22.8
62.5,132.5,-61.1,33.9
40.5,62.5,-27.8,40.0
58.5,109.5,-52.2,33.9
56.5,98.5,-48.9,31.1
16.5,-15.5,10.0,45.0
48.5,26.5,-23.9,32.2
34.5,36.5,-12.2,37.8
61.5,42.5,-40.0,31.1
69.5,170.5,-41.1,25.0
61.5,73.5,-46.1,32.8
63.5,121.5,-57.2,35.0
56.5,95.5,-51.1,35.0
47.5,138.5,-37.2,31.1
46.5,-84.5,-33.3,34.6
51.5,81.5,-46.1,36.1
48.5,11.5,-18.9,33.9
16.5,105.5,9.1,39.1
37.5,127.5,-25.9,37.4
55.5,80.5,-48.9,33.9
41.5,129.5,-20.0,32.2
-36.5,-72.5,-5.0,35.0
56.5,67.5,-42.8,33.9
40.5,-73.5,-17.8,39.4
33.5,2.5,-3.9,42.2
41.5,-104.5,-27.8,35.0
49.5,43.5,-30.0,33.9
63.5,61.5,-51.1,31.1
47.5,14.5,-25.0,31.1
16.5,106.5,10.2,41.7
46.5,31.5,-22.8,35.0
37.5,45.5,-13.9,37.2
-28.5,153.5,8.9,34.4
41.5,-111.5,-18.3,40.0
39.5,47.5,-15.0,38.9
61.5,79.5,-50.0,33.9
13.5,109.5,15.7,40.2
-1.5,29.5,6.1,28.9
73.5,143.5,-43.9,15.0
56.5,56.5,-46.1,30.0
58.5,29.5,-33.9,30.0
4.5,100.5,20.0,37.2
27.5,48.5,2.2,48.9
32.5,10.5,1.1,42.8
13.5,-9.5,12.8,42.2
37.5,-120.5,-7.2,41.8
-30.5,150.5,1.7,42.2
11.5,-5.5,10.0,41.1
61.5,96.5,-53.9,32.2
49.5,11.5,-24.8,33.9
59.5,119.5,-56.1,35.0
-31.5,152.5,6.1,41.9
43.5,11.5,-11.1,37.8
54.5,48.5,-37.8,36.1
17.5,102.5,6.9,41.3
50.5,12.5,-20.0,26.1
62.5,179.5,-33.9,22.2
70.5,162.5,-46.1,17.2
43.5,69.5,-37.8,38.9
-3.5,40.5,18.9,38.9
62.5,119.5,-58.9,32.2
37.5,14.5,-5.0,41.1
41.5,15.5,-7.8,38.9
-32.5,-58.5,0.0,37.8
70.5,-148.5,-47.2,25.6
51.5,14.5,-17.8,32.2
57.5,24.5,-37.8,30.0
54.5,103.5,-46.1,32.8
-32.5,133.5,-2.2,46.3
31.5,-106.5,-12.2,40.6
46.5,25.5,-26.1,27.2
65.5,90.5,-57.2,32.2
64.5,47.5,-48.9,32.2
46.5,96.5,-37.8,28.9
37.5,53.5,-15.0,40.0
51.5,41.5,-27.8,35.0
29.5,17.5,0.0,37.8
69.5,86.5,-55.0,30.0
41.5,24.5,-15.0,25.0
55.5,82.5,-47.8,36.1
71.5,149.5,-46.1,27.2
58.5,77.5,-47.8,36.1
19.5,17.5,2.2,40.0
27.5,-13.5,7.8,42.2
44.5,38.5,-13.9,32.8
35.5,-99.5,-17.6,43.5
46.5,32.5,-22.2,35.0
53.5,87.5,-46.1,36.1
44.5,80.5,-36.1,38.9
48.5,36.5,-26.1,35.0
49.5,60.5,-41.1,32.8
-29.5,151.5,1.8,28.3
52.5,75.5,-41.1,37.2
59.5,-139.5,-27.2,27.8
75.5,83.5,-43.9,8.9
21.5,29.5,-3.9,38.9
41.5,46.5,-12.8,38.9
56.5,66.5,-42.8,36.1
46.5,10.5,-23.9,26.1
-45.5,-67.5,-3.9,36.1
54.5,61.5,-41.1,35.0
47.5,11.5,-25.0,32.8
32.5,-99.5,-13.9,41.1
34.5,45.5,-1.1,46.1
48.5,61.5,-40.0,40.0
3.5,35.5,18.9,38.9
55.5,50.5,-37.8,32.2
68.5,-166.5,-42.5,23.5
48.5,-112.5,-37.8,36.7
61.5,53.5,-42.8,28.9
-6.5,39.5,16.1,35.0
50.5,156.5,-15.0,18.9
29.5,-95.5,-6.7,38.5
48.5,45.5,-35.0,41.1
-14.5,132.5,14.4,39.4
50.5,35.5,-27.8,32.8
76.5,-119.5,-50.9,10.7
43.5,25.5,-15.0,36.1
-0.5,36.5,6.1,28.9
64.5,172.5,-40.0,17.2
77.5,82.5,-43.9,10.0
61.5,-149.5,-28.9,30.0
53.5,131.5,-52.2,32.2
64.5,-145.5,-46.7,32.8
54.5,50.5,-41.1,33.9
36.5,-95.5,-17.8,42.8
39.5,18.5,-5.0,35.0
-29.5,148.5,5.0,38.8
-12.5,13.5,7.2,32.2
59.5,93.5,-52.8,31.1
17.5,30.5,-2.2,35.0
60.5,114.5,-55.0,35.0
42.5,70.5,-23.9,35.0
61.5,30.5,-33.9,30.0
68.5,32.5,-36.1,27.8
60.5,125.5,-52.2,33.9
-1.5,36.5,8.9,31.1
46.5,41.5,-25.0,37.8
50.5,119.5,-47.2,36.1
58.5,92.5,-50.0,35.0
67.5,72.5,-46.1,23.9
16.5,107.5,11.7,43.5
58.5,102.5,-53.9,35.0
-14.5,17.5,0.0,35.0
32.5,-88.5,-13.9,38.9
25.5,55.5,8.9,47.8
64.5,-96.5,-47.0,28.0
-31.5,147.5,1.8,39.6
-19.5,147.5,11.7,35.0
47.5,101.5,-35.0,28.9
-36.5,-59.5,-8.9,36.1
36.5,36.5,1.1,35.0
-40.5,-64.5,-6.1,38.9
59.5,24.5,-32.2,42.8
24.5,39.5,7.2,45.0
-26.5,118.5,0.8,43.2
46.5,64.5,-38.9,41.1
-22.5,-65.5,-11.7,25.6
56.5,76.5,-48.9,35.0
-18.5,146.5,13.6,39.4
39.5,-39.5,-21.1,37.2
54.5,26.5,-31.1,30.0
35.5,128.5,-17.2,39.1
43.5,-112.5,-22.8,34.4
36.5,52.5,-1.1,35.0
23.5,32.5,5.0,47.2
42.5,-1.5,-3.1,36.3
59.5,70.5,-52.2,35.0
14.5,5.5,11.1,45.0
58.5,60.5,-45.0,31.1
53.5,63.5,-42.2,37.8
48.5,114.5,-37.8,36.1
59.5,153.5,-37.8,23.9
34.5,-99.5,-20.0,42.8
58.5,90.5,-47.8,33.9
10.5,107.5,15.7,37.9
62.5,126.5,-57.8,33.9
47.5,79.5,-41.1,37.2
-34.5,117.5,1.9,43.0
55.5,113.5,-46.1,30.0
51.5,68.5,-42.2,37.8
55.5,-131.5,-14.4,29.4
48.5,52.5,-36.1,40.0
-20.5,-54.5,1.6,36.5
34.5,-6.5,1.1,47.8
26.5,-81.5,-1.1,36.1
48.5,37.5,-27.8,35.0
46.5,21.5,-17.2,37.2
49.5,51.5,-37.2,41.1
61.5,90.5,-52.8,35.0
60.5,155.5,-32.2,22.8
28.5,28.5,-7.2,42.8
33.5,27.5,7.2,32.8
18.5,27.5,-6.7,38.3
66.5,164.5,-52.2,30.0
67.5,133.5,-62.2,33.9
-32.5,150.5,1.7,39.2
54.5,27.5,-32.2,32.2
-39.5,143.5,1.7,32.8
33.5,56.5,-3.9,46.1
55.5,124.5,-47.8,33.9
46.5,13.5,-23.9,35.0
13.5,2.5,11.1,43.9
64.5,-165.5,-40.6,28.9
55.5,78.5,-45.0,33.9
44.5,12.5,-8.9,32.8
59.5,144.5,-47.8,32.8
67.5,130.5,-50.0,31.1
65.5,169.5,-40.0,17.2
39.5,49.5,-7.8,32.2
35.5,139.5,-10.0,37.4
43.5,131.5,-36.1,32.8
33.5,-106.5,-14.2,37.9
-10.5,40.5,16.1,38.9
30.5,24.5,-5.0,38.3
53.5,27.5,-36.1,31.1
28.5,-17.5,7.8,35.0
46.5,138.5,-25.0,28.9
59.5,73.5,-51.1,33.9
55.5,120.5,-50.0,32.2
57.5,43.5,-36.1,31.1
-13.5,-76.5,7.8,32.2
34.5,-92.5,-18.9,40.0
64.5,93.5,-60.0,37.8
53.5,31.5,-30.0,31.1
37.5,35.5,-2.0,40.7
50.5,51.5,-37.8,33.9
-24.5,-65.5,-7.2,38.3
37.5,65.5,-20.0,42.2
56.5,85.5,-47.2,32.2
34.5,-98.5,-17.8,42.2
16.5,7.5,7.2,43.9
40.5,-75.5,-21.1,40.0
43.5,76.5,-30.0,37.2
44.5,41.5,-25.0,40.0
31.5,-102.5,-16.1,40.6
13.5,8.5,10.0,42.2
42.5,-70.5,-24.4,36.1
57.5,54.5,-42.2,30.0
42.5,11.5,-7.8,37.2
24.5,141.5,8.5,32.4
-29.5,153.5,7.2,37.8
51.5,40.5,-27.8,32.8
-35.5,149.5,-7.4,40.4
41.5,128.5,-35.0,32.8
-20.5,-70.5,7.8,27.8
42.5,67.5,-37.2,42.2
54.5,128.5,-48.9,35.0
63.5,135.5,-57.8,33.9
55.5,26.5,-37.2,31.1
47.5,23.5,-26.1,32.2
59.5,78.5,-47.8,36.1
49.5,77.5,-43.9,33.9
56.5,28.5,-37.8,31.1
30.5,9.5,-2.8,47.2
52.5,92.5,-45.0,33.9
67.5,175.5,-42.8,23.9
56.5,118.5,-56.1,32.2
-36.5,-73.5,-2.2,27.8
38.5,20.5,-2.2,37.2
41.5,8.5,5.0,25.0
-37.5,174.5,0.6,27.2
61.5,34.5,-35.0,28.9
68.5,31.5,-42.2,30.0
65.5,130.5,-51.1,32.2
70.5,178.5,-43.9,15.0
-26.5,146.5,-3.9,43.3
14.5,106.5,14.1,39.1
44.5,34.5,-17.2,32.8
-45.5,-72.5,-5.0,27.8
41.5,33.5,-16.1,33.9
45.5,56.5,-31.1,41.1
-16.5,-71.5,2.2,26.1
66.5,82.5,-48.9,30.0
-35.5,138.5,6.1,35.0
60.5,160.5,-32.2,20.0
57.5,26.5,-37.2,30.0
41.5,-93.5,-30.6,37.2
49.5,82.5,-47.2,37.2
-40.5,148.5,-1.0,36.2
41.5,-75.5,-23.3,37.8
48.5,153.5,-17.8,23.9
47.5,59.5,-40.0,37.8
53.5,68.5,-42.2,35.0
44.5,-106.5,-31.7,39.4
-32.5,134.5,14.4,33.3
60.5,-145.5,-28.3,28.3
37.5,21.5,-2.8,37.2
48.5,29.5,-26.1,32.2
30.5,40.5,-3.9,48.9
36.5,11.5,2.8,36.1
42.5,133.5,-26.1,28.9
73.5,75.5,-43.9,15.0
15.5,106.5,7.4,40.2
53.5,-101.5,-47.5,30.2
56.5,63.5,-42.2,35.0
31.5,-86.5,-12.8,38.3
32.5,3.5,-2.2,42.8
62.5,92.5,-55.0,32.8
1.5,-78.5,20.0,33.9
40.5,126.5,-30.0,32.8
31.5,61.5,-2.8,45.0
31.5,46.5,-1.1,48.9
36.5,-94.5,-13.9,36.1
59.5,82.5,-52.8,36.1
55.5,87.5,-40.0,32.2
62.5,135.5,-55.0,31.1
56.5,91.5,-43.9,32.8
69.5,176.5,-42.8,25.0
37.5,-122.5,-1.1,39.4
-12.5,141.5,19.9,37.2
15.5,120.5,17.2,37.2
66.5,32.5,-32.8,27.2
36.5,-115.5,-10.9,47.4
47.5,30.5,-25.0,32.8
46.5,113.5,-35.0,36.1
37.5,28.5,-8.9,37.8
61.5,-121.5,-48.1,30.2
33.5,-83.5,-18.3,37.8
-51.5,-69.5,-12.8,27.8
42.5,72.5,-37.8,36.1
36.5,-121.5,-9.4,41.7
45.5,24.5,-25.0,32.8
57.5,58.5,-46.1,31.1
61.5,89.5,-50.0,32.8
50.5,83.5,-42.8,31.1
53.5,30.5,-32.8,32.2
54.5,127.5,-52.2,33.9
59.5,121.5,-57.8,36.1
36.5,55.5,-7.8,37.8
45.5,-108.5,-31.7,38.3
42.5,48.5,-7.8,28.9
-33.5,145.5,-1.1,44.4
80.5,57.5,-42.2,8.9
70.5,72.5,-50.0,27.2
-15.5,-75.5,11.1,27.8
50.5,128.5,-42.2,35.0
11.5,-69.5,20.0,37.8
38.5,-113.5,-28.9,40.0
-2.5,37.5,12.8,32.8
49.5,-98.5,-42.0,34.6
37.5,-112.5,-27.8,31.1
40.5,22.5,-11.1,37.8
44.5,10.5,-20.0,33.9
49.5,142.5,-25.0,25.0
42.5,-73.5,-30.9,35.7
38.5,23.5,-7.8,38.9
56.5,121.5,-50.0,33.9
7.5,-72.5,17.8,37.2
68.5,55.5,-42.2,26.1
20.5,100.5,12.4,37.9
-10.5,-77.5,7.8,7.8
53.5,-166.5,-13.3,23.3
65.5,56.5,-46.1,28.9
40.5,-80.5,-22.8,36.1
40.5,25.5,-10.0,36.1
65.5,78.5,-51.1,30.0
66.5,-52.5,-37.5,23.5
52.5,174.5,-11.0,15.6
26.5,28.5,-2.2,31.1
66.5,72.5,-48.9,27.8
-36.5,144.5,-1.1,43.9
-31.5,150.5,-3.9,41.7
53.5,28.5,-32.8,31.1
49.5,7.5,-22.2,34.6
57.5,117.5,-43.9,28.9
-11.5,22.5,10.0,33.9
25.5,32.5,2.8,47.2
-24.5,150.5,-0.6,35.3
13.5,-87.5,17.8,38.9
64.5,53.5,-47.2,28.9
44.5,8.5,-2.2,32.8
-36.5,139.5,5.0,31.2
46.5,48.5,-30.0,37.8
66.5,-153.5,-44.8,31.8
57.5,-170.5,-19.4,16.1
-80.5,-178.5,-56.1,2.2
51.5,119.5,-42.8,35.0
32.5,129.5,-3.7,36.3
54.5,155.5,-40.0,27.8
55.5,155.5,-32.2,27.8
13.5,100.5,12.4,39.6
36.5,25.5,2.2,32.8
56.5,62.5,-42.2,32.8
39.5,-114.5,-24.4,33.9
32.5,38.5,-6.1,42.8
38.5,125.5,-20.0,33.9
63.5,40.5,-42.2,31.1
51.5,66.5,-40.0,37.2
53.5,42.5,-38.9,35.0
61.5,152.5,-52.2,28.9
53.5,39.5,-32.8,33.9
37.5,-105.5,-33.3,31.7
29.5,27.5,-8.9,36.7
65.5,168.5,-51.1,28.9
61.5,151.5,-57.2,28.9
39.5,-96.5,-23.3,44.4
46.5,23.5,-23.9,32.2
70.5,154.5,-47.8,30.0
25.5,25.5,-1.1,37.2
49.5,-8.5,-16.4,35.7
61.5,135.5,-58.9,32.8
53.5,75.5,-45.0,37.2
48.5,-89.5,-34.2,33.5
35.5,-83.5,-22.8,36.7
30.5,21.5,-5.0,39.4
43.5,71.5,-40.0,37.8
47.5,74.5,-32.2,41.1
-79.5,40.5,-56.7,37.8
46.5,136.5,-40.0,32.8
49.5,-125.5,-14.4,28.3
-5.5,-76.5,17.2,36.1
57.5,83.5,-43.9,33.9
58.5,86.5,-51.1,33.9
31.5,35.5,-2.8,42.8
38.5,15.5,2.2,35.0
46.5,24.5,-22.2,28.9
65.5,59.5,-53.9,32.2
12.5,109.5,16.9,37.4
34.5,-117.5,-12.8,44.4
30.5,48.5,-3.9,48.9
49.5,8.5,-18.1,34.6
39.5,15.5,-6.1,33.9
32.5,13.5,3.0,45.2
62.5,-145.5,-45.6,31.7
35.5,12.5,6.1,32.8
46.5,45.5,-27.2,38.9
48.5,25.5,-22.8,32.2
50.5,102.5,-47.2,32.2
64.5,148.5,-53.9,28.9
39.5,-108.5,-24.4,38.3
57.5,-163.5,-27.8,22.8
44.5,23.5,-17.2,36.1
42.5,-89.5,-28.3,36.7
53.5,105.5,-47.2,33.9
54.5,30.5,-33.9,32.2
63.5,53.5,-43.9,31.1
40.5,-74.5,-18.3,40.0
42.5,-83.5,-28.9,36.7
51.5,55.5,-38.9,37.8
33.5,-117.5,-17.8,42.7
40.5,-112.5,-23.1,39.6
55.5,90.5,-43.9,32.8
38.5,13.5,2.2,38.9
66.5,171.5,-42.2,18.9
56.5,47.5,-40.0,32.2
37.5,-85.5,-24.2,36.3
46.5,-117.5,-27.2,42.2
39.5,-97.5,-23.9,41.7
14.5,-11.5,12.2,43.9
-34.5,142.5,-1.2,44.5
-27.5,-109.5,11.1,28.9
15.5,105.5,11.3,40.2
48.5,72.5,-42.2,35.0
1.5,31.5,15.0,32.8
45.5,22.5,-20.0,33.9
-24.5,151.5,9.4,32.8
-16.5,146.5,15.8,32.2
64.5,176.5,-47.2,27.2
2.5,-76.5,7.8,28.9
47.5,48.5,-35.0,40.0
62.5,86.5,-56.1,37.2
59.5,26.5,-27.8,30.0
50.5,41.5,-32.2,37.2
44.5,135.5,-27.8,30.0
33.5,-112.5,-4.4,46.7
49.5,118.5,-42.8,36.1
-22.5,14.5,7.8,30.0
48.5,89.5,-36.1,27.8
50.5,100.5,-43.9,27.8
28.5,50.5,5.0,40.0
-33.5,-56.5,-3.9,36.1
52.5,79.5,-45.0,37.8
60.5,60.5,-48.9,31.1
-30.5,-55.5,5.0,37.2
40.5,72.5,-26.1,38.9
-43.5,148.5,1.1,34.4
44.5,-74.5,-37.2,32.8
-54.5,-68.5,-7.8,22.2
56.5,27.5,-32.2,30.0
-36.5,146.5,-2.0,43.3
37.5,-113.5,-23.3,36.7
32.5,-93.5,-12.0,39.4
67.5,59.5,-50.0,30.0
16.5,108.5,13.9,43.5
42.5,-85.5,-24.4,35.0
-37.5,150.5,5.6,32.8
-36.5,149.5,-3.9,32.2
71.5,71.5,-47.8,22.8
69.5,147.5,-50.0,28.9
69.5,33.5,-36.1,27.8
45.5,112.5,-33.9,33.9
35.5,-77.5,-12.2,37.7
55.5,159.5,-40.0,27.8
60.5,-161.5,-39.4,27.8
11.5,-7.5,11.1,40.0
-5.5,112.5,22.2,32.8
66.5,36.5,-32.2,21.1
70.5,113.5,-62.8,32.8
50.5,127.5,-45.0,36.1
56.5,72.5,-48.9,32.8
32.5,-117.5,0.6,38.3
10.5,-73.5,21.1,38.9
34.5,69.5,-20.0,37.8
-20.5,116.5,15.0,43.0
-42.5,-72.5,-5.0,22.8
-29.5,150.5,0.6,32.8
40.5,69.5,-21.1,38.9
51.5,-1.5,-9.8,32.2
65.5,44.5,-42.2,31.1
34.5,-86.5,-22.8,38.9
41.5,-83.5,-25.0,35.0
40.5,129.5,-18.9,32.2
48.5,7.5,-16.1,33.9
50.5,143.5,-33.9,33.9
66.5,178.5,-47.8,28.9
43.5,8.5,-1.1,32.8
37.5,49.5,-3.9,32.8
53.5,143.5,-32.8,30.0
32.5,-112.5,-3.9,47.9
44.5,46.5,-26.1,35.0
43.5,68.5,-37.8,42.2
-14.5,-70.5,-11.1,25.0
-12.5,142.5,16.7,38.9
10.5,105.5,18.0,37.9
25.5,-80.5,1.7,35.6
60.5,74.5,-47.8,33.9
47.5,135.5,-42.8,32.8
34.5,-103.5,-17.0,41.3
41.5,-76.5,-23.3,37.2
70.5,-153.5,-48.3,21.7
-19.5,146.5,6.9,40.6
53.5,130.5,-50.0,32.2
51.5,93.5,-46.1,32.2
57.5,22.5,-26.1,27.8
4.5,-76.5,16.1,35.0
71.5,82.5,-47.8,22.8
36.5,59.5,-18.9,40.0
43.5,-78.5,-21.1,33.3
24.5,28.5,1.1,35.6
41.5,39.5,-2.2,28.9
-20.5,148.5,15.1,34.4
56.5,86.5,-50.0,32.8
-6.5,15.5,12.8,30.0
0.5,30.5,11.1,30.0
53.5,141.5,-38.9,26.1
50.5,81.5,-47.2,35.0
-33.5,148.5,-4.4,40.0
3.5,-76.5,15.0,35.0
50.5,135.5,-38.9,32.8
22.5,-12.5,10.0,47.2
53.5,139.5,-40.0,32.2
53.5,91.5,-42.8,35.0
45.5,106.5,-32.2,33.9
19.5,29.5,-3.9,33.3
3.5,101.5,18.9,35.0
40.5,-117.5,-23.1,39.6
46.5,35.5,-22.2,33.9
45.5,28.5,-20.0,36.1
68.5,161.5,-52.8,31.1
52.5,139.5,-42.2,32.8
57.5,34.5,-41.1,32.2
39.5,-82.5,-23.9,37.7
56.5,-111.5,-44.2,30.7
-31.5,115.5,0.9,43.4
58.5,141.5,-37.8,26.1
69.5,77.5,-47.8,27.2
37.5,69.5,-13.9,40.0
62.5,116.5,-57.8,32.8
66.5,-169.5,-37.8,17.2
56.5,159.5,-38.9,27.2
26.5,0.5,0.0,47.8
31.5,-8.5,0.0,43.9
61.5,68.5,-37.2,28.9
32.5,-101.5,-14.4,40.6
39.5,-119.5,-18.3,38.9
47.5,37.5,-27.2,33.9
63.5,71.5,-47.2,31.1
59.5,149.5,-38.9,27.8
58.5,27.5,-32.8,30.0
-38.5,-62.5,-3.9,37.8
39.5,37.5,-26.1,35.0
-42.5,145.5,-3.9,32.2
49.5,-122.5,-10.3,31.3
13.5,-6.5,11.1,42.8
41.5,-80.5,-22.8,35.0
35.5,-119.5,-3.9,43.3
43.5,24.5,-18.9,37.8
47.5,9.5,-25.0,32.2
56.5,54.5,-46.1,30.0
38.5,-95.5,-22.8,41.7
59.5,154.5,-30.0,22.2
-6.5,-79.5,12.2,32.8
45.5,13.5,-5.0,33.9
60.5,40.5,-36.1,30.0
-33.5,-66.5,-10.0,41.1
57.5,69.5,-47.8,35.0
34.5,48.5,-22.8,38.9
60.5,64.5,-52.2,30.0
49.5,131.5,-42.8,32.8
41.5,9.5,3.9,23.9
43.5,77.5,-42.8,37.2
34.5,40.5,-7.2,43.9
55.5,34.5,-32.8,31.1
-9.5,-78.5,10.0,31.1
9.5,-74.5,20.0,37.8
45.5,134.5,-43.9,32.2
68.5,49.5,-37.2,22.8
39.5,66.5,-22.8,37.8
61.5,-146.5,-22.8,28.3
24.5,-81.5,7.2,35.0
77.5,88.5,-46.1,12.2
-35.5,148.5,-0.6,43.1
49.5,110.5,-36.1,32.8
63.5,127.5,-52.8,32.2
49.5,37.5,-32.8,37.2
51.5,139.5,-41.1,33.9
60.5,28.5,-33.9,32.2
-31.5,132.5,5.6,40.0
52.5,112.5,-45.0,30.0
49.5,9.5,-18.9,35.7
53.5,45.5,-36.1,35.0
31.5,32.5,8.9,32.8
55.5,63.5,-41.1,32.8
39.5,-85.5,-23.9,37.2
-41.5,145.5,0.0,30.6
49.5,47.5,-36.1,35.0
43.5,134.5,-38.9,32.8
59.5,163.5,-37.8,22.8
46.5,151.5,-15.0,26.1
53.5,85.5,-43.9,32.2
33.5,-86.5,-20.0,38.3
48.5,-103.5,-38.3,40.0
18.5,26.5,-6.1,36.7
-14.5,126.5,15.8,39.2
52.5,158.5,-21.1,27.2
63.5,38.5,-37.2,31.1
37.5,-118.5,-19.4,40.0
59.5,145.5,-31.1,26.1
15.5,-87.5,13.9,37.2
55.5,93.5,-46.1,33.9
58.5,22.5,-25.0,30.0
32.5,-9.5,2.8,42.8
48.5,138.5,-40.0,32.8
53.5,36.5,-32.8,33.9
63.5,145.5,-58.9,28.9
14.5,1.5,12.2,43.9
33.5,-96.5,-13.7,40.7
37.5,126.5,-27.0,38.5
47.5,13.5,-22.8,33.9
68.5,58.5,-42.2,23.9
40.5,-122.5,-5.0,43.9
39.5,-83.5,-23.9,35.6
47.5,132.5,-37.2,32.8
-15.5,137.5,14.9,37.9
58.5,97.5,-51.1,35.0
53.5,65.5,-41.1,37.2
-26.5,148.5,16.1,34.9
51.5,-176.5,-14.4,23.5
40.5,45.5,-22.8,26.1
40.5,21.5,-20.0,36.1
62.5,130.5,-60.0,33.9
37.5,41.5,-6.1,43.9
-33.5,-70.5,-2.2,32.8
76.5,152.5,-40.0,10.0
62.5,64.5,-47.2,27.8
35.5,26.5,2.2,38.9
55.5,115.5,-51.1,30.0
71.5,67.5,-47.8,21.1
56.5,131.5,-57.2,31.1
60.5,134.5,-57.8,35.0
32.5,-81.5,-12.6,38.5
26.5,127.5,3.9,36.7
42.5,-75.5,-26.1,34.4
-25.5,151.5,7.7,30.8
53.5,-113.5,-39.2,29.1
40.5,12.5,1.1,32.2
30.5,-6.5,-3.9,40.0
55.5,23.5,-33.9,31.1
49.5,28.5,-26.1,30.0
48.5,133.5,-38.9,32.2
20.5,-17.5,11.1,37.2
-31.5,149.5,7.3,23.5
66.5,67.5,-43.9,22.8
37.5,30.5,-12.2,36.1
-35.5,143.5,0.0,45.0
20.5,32.5,1.7,40.6
46.5,27.5,-17.8,31.1
-77.5,166.5,-17.8,11.1
47.5,107.5,-43.9,32.8
31.5,65.5,-8.9,45.0
-43.5,172.5,-4.4,33.5
38.5,-81.5,-21.1,35.6
34.5,8.5,-2.8,42.8
75.5,137.5,-45.0,16.1
51.5,9.5,-18.9,32.8
33.5,43.5,-2.8,47.8
48.5,-77.5,-36.4,32.4
40.5,-111.5,-17.8,38.9
16.5,-3.5,7.2,46.1
41.5,-81.5,-23.3,33.9
46.5,-120.5,-22.8,38.3
60.5,69.5,-52.8,32.2
47.5,130.5,-35.0,33.9
-39.5,146.5,5.0,37.2
60.5,166.5,-36.1,25.0
35.5,-0.5,-1.1,38.9
60.5,-169.5,-31.1,18.9
40.5,-72.5,-20.6,36.7
-36.5,148.5,-7.7,35.7
39.5,63.5,-22.2,42.8
43.5,-88.5,-26.1,35.0
17.5,32.5,4.4,33.9
55.5,36.5,-35.0,32.2
44.5,22.5,-13.9,35.0
41.5,26.5,-18.9,38.9
46.5,-100.5,-40.6,38.9
52.5,64.5,-40.0,38.9
50.5,48.5,-37.2,38.9
45.5,-118.5,-28.9,41.1
38.5,66.5,-18.9,28.9
48.5,67.5,-32.2,35.0
35.5,62.5,-21.1,41.1
34.5,-82.5,-17.2,36.1
62.5,94.5,-55.0,32.8
-23.5,151.5,7.2,37.2
56.5,103.5,-47.2,32.8
14.5,-90.5,7.2,28.9
60.5,112.5,-56.1,35.0
48.5,136.5,-42.2,31.1
21.5,-157.5,11.7,33.5
56.5,34.5,-33.9,31.1
44.5,53.5,-37.2,40.0
40.5,141.5,-12.0,35.2
65.5,-37.5,-20.9,18.0
58.5,101.5,-52.2,32.8
45.5,29.5,-16.1,30.0
51.5,106.5,-42.2,33.9
58.5,63.5,-43.9,31.1
52.5,-0.5,-9.4,32.4
67.5,44.5,-33.9,27.2
12.5,-5.5,7.8,42.2
51.5,112.5,-40.0,33.9
33.5,-98.5,-19.4,43.3
32.5,25.5,-0.6,39.4
61.5,147.5,-53.9,32.2
18.5,-65.5,16.7,35.0
30.5,28.5,-5.6,40.0
30.5,-83.5,-10.3,37.9
-1.5,-48.5,20.6,34.1
54.5,64.5,-42.2,32.2
-25.5,-54.5,2.2,37.8
61.5,128.5,-55.0,35.0
54.5,81.5,-51.1,35.0
38.5,-90.5,-21.7,40.6
36.5,-97.5,-17.6,44.0
63.5,133.5,-57.8,32.8
45.5,7.5,-28.9,32.8
40.5,14.5,-3.9,33.9
54.5,72.5,-43.9,37.8
54.5,77.5,-46.1,46.1
69.5,125.5,-56.1,28.9
65.5,49.5,-50.0,30.0
31.5,-97.5,-11.1,42.8
-41.5,-71.5,-15.0,30.0
37.5,-14.5,1.1,33.9
56.5,158.5,-38.9,27.2
45.5,-112.5,-31.7,35.0
33.5,-111.5,-6.5,47.4
69.5,31.5,-37.8,30.0
17.5,31.5,3.3,31.7
53.5,69.5,-42.8,36.1
41.5,-90.5,-28.9,37.8
68.5,52.5,-40.0,25.0
70.5,-143.5,-45.6,20.6
35.5,-101.5,-20.6,40.0
43.5,-115.5,-20.6,42.2
-15.5,12.5,8.9,35.0
54.5,159.5,-16.1,27.8
52.5,118.5,-48.9,35.0
59.5,108.5,-53.9,32.2
51.5,71.5,-42.2,37.2
63.5,158.5,-55.0,26.1
-35.5,145.5,14.4,38.9
-18.5,127.5,3.3,42.7
54.5,-110.5,-45.3,29.6
12.5,45.5,13.9,40.0
50.5,131.5,-46.1,35.0
58.5,31.5,-36.1,32.8
-32.5,137.5,3.9,45.6
7.5,-70.5,17.2,37.8
38.5,27.5,-7.8,41.3
80.5,37.5,-42.8,11.1
29.5,19.5,-2.2,37.8
25.5,27.5,1.1,36.1
54.5,130.5,-52.2,32.8
-11.5,130.5,18.3,37.2
38.5,-89.5,-22.2,40.0
62.5,175.5,-32.2,27.2
32.5,22.5,-1.7,40.0
30.5,2.5,-5.0,46.1
67.5,48.5,-41.1,27.8
53.5,26.5,-33.9,28.9
40.5,26.5,-7.8,36.1
-31.5,116.5,4.4,43.3
45.5,42.5,-26.1,37.8
47.5,-119.5,-17.2,35.6
52.5,156.5,-37.2,22.2
55.5,117.5,-48.9,30.0
30.5,-84.5,-10.6,37.8
-12.5,16.5,7.2,30.0
43.5,-71.5,-30.6,38.3
40.5,-98.5,-26.7,41.1
10.5,-69.5,16.1,32.8
51.5,87.5,-37.2,30.0
43.5,46.5,-26.1,33.9
47.5,15.5,-21.1,35.0
60.5,150.5,-52.2,30.0
32.5,-90.5,-13.3,38.3
38.5,-87.5,-23.3,38.9
47.5,1.5,-13.9,32.2
59.5,69.5,-47.8,32.8
52.5,52.5,-40.0,32.8
62.5,49.5,-45.0,32.2
-41.5,-73.5,-5.0,26.1
59.5,22.5,-22.2,27.2
32.5,46.5,-2.8,47.2
35.5,-2.5,3.9,33.9
58.5,85.5,-47.2,32.8
-38.5,140.5,2.9,37.8
-36.5,150.5,-1.1,39.4
39.5,53.5,-15.0,35.0
14.5,-4.5,7.8,42.8
44.5,71.5,-41.1,38.9
47.5,106.5,-37.2,32.2
-53.5,-70.5,-12.2,22.2
53.5,122.5,-51.1,36.1
70.5,136.5,-52.8,28.9
-16.5,133.5,3.6,42.3
58.5,47.5,-37.8,30.0
49.5,26.5,-25.0,32.2
11.5,-83.5,21.1,31.7
44.5,66.5,-31.1,40.0
61.5,-150.5,-29.4,29.4
66.5,114.5,-61.1,32.2
54.5,73.5,-46.1,37.8
74.5,112.5,-46.1,25.0
60.5,77.5,-48.9,32.2
54.5,111.5,-52.2,32.8
11.5,106.5,14.1,42.4
50.5,90.5,-38.9,25.0
60.5,32.5,-41.1,31.1
51.5,26.5,-31.1,32.2
70.5,-146.5,-48.3,18.9
67.5,137.5,-61.1,32.2
9.5,105.5,17.4,37.4
69.5,61.5,-41.1,27.2
71.5,132.5,-43.9,17.8
-33.5,-58.5,-6.1,40.0
40.5,17.5,-2.2,37.8
80.5,43.5,-46.1,10.0
66.5,68.5,-47.8,30.0
66.5,149.5,-52.8,30.0
22.5,5.5,1.1,37.2
61.5,172.5,-25.0,20.0
29.5,29.5,-4.4,34.4
-13.5,126.5,13.9,36.1
-80.5,-119.5,-56.7,-5.0
6.5,79.5,18.9,35.0
36.5,57.5,-12.8,43.9
58.5,80.5,-48.9,35.0
36.5,-119.5,-6.7,43.9
53.5,157.5,-42.8,27.2
-26.5,152.5,9.8,38.9
31.5,-92.5,-8.9,38.5
59.5,52.5,-43.9,30.0
51.5,136.5,-50.0,33.9
47.5,-121.5,-28.9,30.6
-36.5,136.5,7.8,38.3
41.5,69.5,-26.1,42.2
40.5,-82.5,-22.8,36.1
30.5,-9.5,2.2,47.8
52.5,136.5,-50.0,35.0
50.5,139.5,-36.1,31.1
48.5,137.5,-42.8,32.2
61.5,114.5,-55.0,33.9
52.5,26.5,-37.2,28.9
-31.5,118.5,3.8,42.8
47.5,27.5,-22.8,32.2
-38.5,143.5,3.6,35.6
57.5,72.5,-47.8,32.8
49.5,128.5,-45.0,35.0
50.5,117.5,-45.0,32.8
14.5,49.5,15.0,38.9
44.5,131.5,-33.9,35.0
-16.5,15.5,5.0,36.1
62.5,149.5,-52.2,31.1
8.5,-76.5,21.1,36.1
46.5,61.5,-37.2,40.0
79.5,76.5,-46.1,7.8
41.5,-100.5,-27.8,39.4
32.5,-106.5,-17.6,40.7
63.5,139.5,-51.1,27.2
66.5,30.5,-37.8,27.8
42.5,-90.5,-30.6,34.4
57.5,85.5,-47.8,33.9
15.5,2.5,11.1,43.9
43.5,44.5,-27.8,37.2
31.5,18.5,0.6,40.0
45.5,12.5,-12.8,32.8
22.5,17.5,2.2,33.9
55.5,86.5,-47.8,33.9
-34.5,-70.5,-7.8,27.2
30.5,47.5,-69.4,46.1
41.5,48.5,-11.1,32.2
51.5,12.5,-22.2,33.9
52.5,110.5,-38.9,27.2
59.5,-154.5,-36.1,27.8
43.5,-70.5,-28.9,35.0
48.5,-109.5,-45.0,40.6
24.5,17.5,0.6,38.3
50.5,29.5,-32.2,32.2
23.5,29.5,2.8,37.2
29.5,-100.5,-8.1,42.4
49.5,46.5,-33.9,40.0
-7.5,14.5,15.0,32.2
36.5,-87.5,-21.4,38.5
25.5,-76.5,12.2,33.9
35.5,-3.5,2.8,33.9
34.5,5.5,1.1,43.9
44.5,51.5,-25.0,37.2
-0.5,30.5,11.1,30.0
54.5,93.5,-42.8,33.9
79.5,90.5,-50.0,8.9
47.5,110.5,-41.1,36.1
55.5,76.5,-45.0,35.0
52.5,-122.5,-42.0,32.9
59.5,148.5,-28.9,21.1
50.5,98.5,-50.0,30.0
55.5,49.5,-36.1,35.0
-37.5,139.5,3.9,35.6
54.5,84.5,-51.1,32.2
-46.5,-75.5,1.1,17.8
46.5,50.5,-30.0,37.8
56.5,22.5,-30.0,28.9
56.5,84.5,-47.8,33.9
54.5,113.5,-52.2,27.2
38.5,-85.5,-22.8,37.2
53.5,80.5,-48.9,33.9
52.5,93.5,-50.0,33.9
67.5,86.5,-53.9,32.2
76.5,63.5,-37.8,15.0
56.5,162.5,-32.2,25.0
69.5,64.5,-46.1,23.9
-20.5,118.5,4.7,44.1
-47.5,-65.5,-5.0,36.1
42.5,-82.5,-23.7,36.8
36.5,127.5,-22.0,35.2
40.5,16.5,-6.1,41.1
33.5,40.5,-6.1,43.9
26.5,-80.5,-1.1,35.0
52.5,133.5,-50.0,30.0
51.5,137.5,-47.8,32.8
50.5,95.5,-47.8,32.8
40.5,44.5,-21.1,40.0
-32.5,148.5,-0.6,41.0
-32.5,141.5,23.3,23.3
32.5,-98.5,-11.1,41.8
49.5,130.5,-45.0,32.8
29.5,25.5,-7.8,42.8
57.5,36.5,-36.1,31.1
24.5,120.5,0.8,38.5
50.5,130.5,-46.1,32.8
39.5,9.5,0.0,37.2
77.5,96.5,-46.1,12.2
63.5,118.5,-57.8,33.9
38.5,70.5,-11.1,42.8
42.5,-80.5,-24.4,33.3
33.5,-94.5,-12.2,37.2
78.5,107.5,-42.8,8.9
57.5,45.5,-37.2,32.2
60.5,170.5,-27.8,21.1
67.5,78.5,-50.0,27.2
8.5,79.5,18.9,35.0
16.5,-169.5,20.0,30.6
35.5,-79.5,-14.2,37.9
31.5,-9.5,6.1,31.1
45.5,75.5,-41.1,37.2
-1.5,31.5,12.2,31.1
52.5,99.5,-46.1,32.2
65.5,-43.5,-48.6,9.1
45.5,25.5,-27.2,16.1
70.5,94.5,-52.8,31.1
55.5,67.5,-42.2,36.1
-39.5,-73.5,-5.0,33.9
62.5,42.5,-43.9,32.2
-12.5,-75.5,-3.9,23.9
45.5,67.5,-37.2,42.2
55.5,72.5,-45.0,36.1
67.5,64.5,-45.0,27.8
42.5,35.5,-3.9,30.0
48.5,142.5,-27.8,27.2
41.5,-71.5,-22.2,36.7
-23.5,150.5,1.7,41.6
51.5,128.5,-47.8,36.1
-15.5,129.5,22.8,40.8
54.5,7.5,-5.0,25.0
66.5,39.5,-33.9,22.8
13.5,144.5,16.7,34.4
49.5,30.5,-28.9,31.1
56.5,24.5,-33.9,30.0
53.5,129.5,-47.2,32.8
-23.5,-64.5,-2.2,42.8
53.5,84.5,-46.1,32.8
37.5,-76.5,-13.9,36.8
65.5,36.5,-30.0,25.0
-36.5,142.5,2.2,38.5
52.5,109.5,-45.0,35.0
41.5,41.5,-5.0,35.0
79.5,102.5,-46.1,12.8
13.5,-4.5,11.1,42.8
56.5,37.5,-36.1,32.2
43.5,70.5,-42.8,37.8
64.5,77.5,-51.1,33.9
-20.5,139.5,2.2,42.2
46.5,70.5,-38.9,41.1
-35.5,117.5,6.1,30.7
62.5,-150.5,-42.8,32.2
65.5,34.5,-37.8,28.9
82.5,-62.5,-48.1,16.9
40.5,23.5,-7.8,37.2
57.5,28.5,-33.9,37.2
46.5,14.5,-22.2,32.8
33.5,-114.5,-1.1,48.9
51.5,94.5,-51.1,33.9
57.5,46.5,-37.8,31.1
61.5,50.5,-45.0,30.0
41.5,36.5,-5.0,37.8
50.5,105.5,-41.1,32.8
32.5,-96.5,-12.2,41.7
40.5,18.5,0.0,37.2
50.5,138.5,-46.1,33.9
46.5,82.5,-43.9,36.1
72.5,52.5,-35.0,21.1
53.5,82.5,-47.8,36.1
51.5,8.5,-17.8,27.2
47.5,22.5,-22.2,32.8
37.5,-5.5,-5.9,44.6
-30.5,148.5,3.2,42.3
60.5,63.5,-48.9,30.0
65.5,177.5,-45.0,27.2
52.5,23.5,-27.8,31.1
33.5,10.5,2.2,42.8
33.5,6.5,-2.2,45.0
43.5,28.5,-13.9,32.2
55.5,32.5,-32.8,32.2
52.5,126.5,-46.1,36.1
79.5,-85.5,-52.0,13.5
-35.5,69.5,-15.0,32.8
57.5,77.5,-50.0,35.0
68.5,38.5,-28.9,27.8
46.5,62.5,-36.1,37.8
53.5,119.5,-52.2,35.0
57.5,40.5,-37.2,31.1
60.5,37.5,-40.0,30.0
72.5,127.5,-45.0,26.1
40.5,46.5,-18.9,32.8
58.5,94.5,-46.1,32.2
-46.5,-71.5,-12.2,30.0
50.5,111.5,-40.0,31.1
49.5,23.5,-26.1,30.0
52.5,40.5,-27.2,33.9
49.5,29.5,-26.1,28.9
46.5,33.5,-22.2,36.1
51.5,111.5,-45.0,31.1
40.5,-89.5,-27.8,38.9
48.5,-101.5,-36.6,37.8
69.5,162.5,-45.0,26.1
71.5,102.5,-52.8,31.1
53.5,132.5,-48.9,32.2
49.5,25.5,-23.9,28.9
52.5,96.5,-53.9,31.1
10.5,-71.5,21.1,37.2
45.5,11.5,-8.9,33.9
43.5,-60.5,-15.3,21.8
41.5,-74.5,-28.9,38.3
53.5,73.5,-42.2,37.2
51.5,23.5,-27.2,28.9
42.5,22.5,-22.8,32.2
52.5,106.5,-38.9,28.9
46.5,142.5,-30.0,27.2
-2.5,110.5,20.0,32.8
65.5,64.5,-50.0,27.8
33.5,-104.5,-26.1,40.6
50.5,64.5,-38.9,38.9
44.5,72.5,-40.0,38.9
40.5,27.5,-11.1,37.8
64.5,87.5,-55.0,35.0
51.5,62.5,-42.2,32.8
65.5,-152.5,-51.7,33.3
36.5,-93.5,-18.9,34.4
49.5,100.5,-45.0,32.8
46.5,28.5,-21.1,32.8
62.5,148.5,-56.1,31.1
47.5,-122.5,-17.8,35.6
10.5,-67.5,15.0,35.0
54.5,34.5,-35.0,31.1
-42.5,147.5,-2.7,39.4
54.5,109.5,-46.1,22.8
54.5,96.5,-43.9,30.0
59.5,159.5,-42.2,27.2
36.5,7.5,1.1,37.8
-21.5,141.5,9.1,37.1
57.5,114.5,-52.8,37.2
40.5,-118.5,-18.3,40.0
53.5,78.5,-47.2,37.2
49.5,61.5,-42.2,33.9
50.5,23.5,-25.0,28.9
47.5,82.5,-42.8,32.8
-32.5,135.5,4.4,44.0
-34.5,143.5,1.1,45.1
65.5,-124.5,-58.9,32.2
52.5,108.5,-40.0,27.2
32.5,-4.5,-6.1,35.0
-16.5,136.5,13.4,42.2
45.5,-83.5,-29.4,35.0
11.5,162.5,23.0,34.1
66.5,-46.5,-45.9,9.6
14.5,107.5,6.9,39.6
-4.5,39.5,16.1,32.8
67.5,123.5,-57.8,32.2
68.5,39.5,-26.1,28.9
43.5,78.5,-38.9,37.2
70.5,127.5,-55.0,30.0
61.5,124.5,-60.0,33.9
43.5,-86.5,-21.7,34.4
52.5,13.5,-20.0,32.8
39.5,127.5,-20.0,35.0
57.5,94.5,-51.1,35.0
66.5,159.5,-55.0,31.1
59.5,60.5,-43.9,31.1
54.5,110.5,-46.1,31.1
39.5,-75.5,-18.3,38.9
50.5,115.5,-41.1,35.0
53.5,90.5,-40.0,33.9
51.5,116.5,-46.1,33.9
36.5,24.5,1.1,36.1
45.5,34.5,-27.2,35.0
-29.5,149.5,-3.4,42.8
52.5,84.5,-47.8,35.0
-42.5,146.5,-3.8,31.7
57.5,90.5,-47.8,33.9
60.5,119.5,-53.9,33.9
38.5,-27.5,5.2,29.1
52.5,135.5,-47.2,35.0
47.5,72.5,-42.2,33.9
53.5,127.5,-45.0,33.9
40.5,28.5,-7.8,33.9
39.5,30.5,-16.1,36.1
50.5,113.5,-40.0,35.0
75.5,88.5,-47.2,22.2
49.5,85.5,-33.9,28.9
55.5,97.5,-47.2,31.1
54.5,108.5,-38.9,22.8
50.5,88.5,-48.9,27.8
67.5,53.5,-46.1,32.2
42.5,-84.5,-30.6,35.6
35.5,-111.5,-26.1,34.4
67.5,41.5,-23.9,23.9
42.5,-78.5,-23.3,33.9
37.5,58.5,-21.1,43.9
68.5,53.5,-38.9,17.8
45.5,136.5,-26.1,30.0
55.5,100.5,-47.8,32.8
-21.5,115.5,6.1,46.7
51.5,39.5,-35.0,36.1
54.5,89.5,-42.2,33.9
43.5,64.5,-31.1,43.9
68.5,102.5,-57.8,28.9
39.5,141.5,-15.9,34.1
40.5,-91.5,-27.2,38.3
42.5,-121.5,-23.9,35.6
47.5,112.5,-37.8,36.1
37.5,124.5,-14.8,33.5
38.5,-117.5,-22.2,36.7
48.5,46.5,-32.8,42.2
14.5,-83.5,20.0,31.7
73.5,126.5,-46.1,21.1
47.5,36.5,-26.1,35.0
63.5,152.5,-47.2,28.9
62.5,108.5,-60.0,32.2
38.5,48.5,-10.0,35.0
54.5,29.5,-30.0,31.1
40.5,-81.5,-22.2,33.3
41.5,25.5,-17.8,37.2
-30.5,131.5,2.8,42.8
49.5,32.5,-28.9,32.8
19.5,-155.5,14.4,32.8
19.5,28.5,-3.3,36.1
53.5,136.5,-51.1,35.0
58.5,32.5,-37.2,32.2
43.5,-77.5,-22.2,36.1
22.5,-159.5,13.9,32.4
-34.5,150.5,1.2,43.6
49.5,53.5,-38.9,35.0
53.5,52.5,-42.8,32.8
56.5,40.5,-38.9,32.2
56.5,87.5,-46.1,33.9
37.5,40.5,-18.9,42.8
50.5,72.5,-43.9,35.0
49.5,5.5,-15.9,33.5
34.5,-116.5,-8.3,43.9
57.5,33.5,-36.1,31.1
20.5,30.5,-1.7,38.3
36.5,27.5,-1.1,38.9
-43.5,146.5,2.8,28.3
39.5,46.5,-12.2,31.1
48.5,23.5,-20.0,30.0
0.5,-77.5,2.8,20.0
38.5,26.5,-2.2,36.1
40.5,73.5,-26.1,32.2
-26.5,-60.5,-1.1,41.1
32.5,-97.5,-12.2,41.1
44.5,-100.5,-35.6,45.0
47.5,8.5,-22.2,32.2
35.5,14.5,2.2,37.2
53.5,128.5,-50.0,32.8
57.5,130.5,-52.8,37.2
50.5,75.5,-41.1,36.1
25.5,60.5,12.8,40.0
46.5,-67.5,-30.9,34.1
51.5,31.5,-32.2,31.1
47.5,42.5,-27.2,33.9
57.5,79.5,-48.9,35.0
58.5,112.5,-51.1,36.1
60.5,88.5,-52.8,33.9
61.5,137.5,-55.0,32.8
58.5,-135.5,-26.1,26.7
56.5,51.5,-32.2,32.2
68.5,-33.5,-37.8,30.0
-38.5,-73.5,-1.1,22.8
50.5,110.5,-45.0,31.1
-16.5,139.5,16.4,38.3
44.5,-75.5,-0.9,34.6
56.5,89.5,-45.0,32.8
51.5,105.5,-36.1,25.0
46.5,134.5,-40.0,37.2
57.5,37.5,-37.2,31.1
48.5,5.5,-20.6,33.3
49.5,38.5,-27.2,37.2
28.5,16.5,3.9,36.7
27.5,-8.5,2.2,45.0
67.5,30.5,-42.2,28.9
-33.5,115.5,2.4,38.3
54.5,67.5,-42.2,35.0
46.5,53.5,-35.0,40.0
55.5,61.5,-42.2,31.1
33.5,35.5,-7.8,38.9
52.5,113.5,-46.1,36.1
59.5,146.5,-48.9,27.8
8.5,-79.5,18.0,35.7
47.5,28.5,-21.1,32.8
62.5,129.5,-58.9,33.9
53.5,94.5,-42.2,32.8
46.5,-118.5,1.1,3.9
74.5,-94.5,-52.0,12.4
33.5,25.5,1.7,35.0
41.5,-70.5,-24.2,33.5
54.5,20.5,-26.1,32.8
36.5,-103.5,-16.7,37.8
40.5,48.5,-8.9,37.8
53.5,14.5,-20.0,31.1
50.5,108.5,-46.1,32.8
47.5,25.5,-27.2,27.2
40.5,35.5,-12.2,38.9
53.5,59.5,-42.8,32.8
48.5,32.5,-25.0,33.9
45.5,8.5,-15.0,32.8
-13.5,134.5,23.3,40.0
36.5,126.5,-15.9,33.5
52.5,55.5,-42.8,31.1
65.5,-167.5,-40.3,24.1
42.5,74.5,-30.0,36.1
48.5,91.5,-37.8,32.2
7.5,79.5,11.1,35.0
43.5,75.5,-38.9,35.0
51.5,132.5,-46.1,32.8
-35.5,136.5,4.7,36.8
38.5,-97.5,-17.8,41.7
37.5,-97.5,-20.6,42.9
16.5,-11.5,10.0,45.0
45.5,97.5,-33.9,36.1
31.5,-94.5,-12.2,40.0
59.5,35.5,-38.9,30.0
38.5,-84.5,-23.3,36.1
51.5,114.5,-42.2,35.0
-8.5,-79.5,12.2,27.8
33.5,126.5,-4.4,34.6
44.5,25.5,-18.9,32.8
69.5,66.5,-47.8,22.2
60.5,130.5,-53.9,33.9
44.5,-91.5,-33.9,35.0
14.5,109.5,14.1,41.3
66.5,52.5,-47.8,30.0
47.5,29.5,-22.8,32.2
71.5,124.5,-57.2,28.9
53.5,25.5,-32.8,30.0
39.5,22.5,-17.8,40.0
33.5,38.5,-6.1,41.1
-17.5,177.5,12.8,34.1
44.5,-98.5,-36.7,43.9
38.5,-122.5,-5.0,37.2
47.5,51.5,-36.1,41.1
66.5,66.5,-47.8,28.9
48.5,44.5,-31.1,38.9
57.5,-135.5,-17.2,27.8
40.5,9.5,-1.1,35.0
28.5,21.5,-5.0,40.0
61.5,71.5,-48.9,31.1
48.5,49.5,-36.1,38.9
33.5,-119.5,2.8,37.2
59.5,76.5,-48.9,36.1
61.5,80.5,-48.9,33.9
-47.5,-72.5,-7.8,28.9
33.5,44.5,-2.8,47.2
58.5,-162.5,-29.2,20.2
42.5,130.5,-26.1,31.1
41.5,-72.5,-23.3,38.3
20.5,16.5,1.7,37.2
55.5,123.5,-53.9,32.8
55.5,57.5,-42.2,28.9
51.5,126.5,-47.2,37.2
53.5,133.5,-56.1,32.2
64.5,-147.5,-50.0,34.4
51.5,10.5,-17.8,23.9
59.5,135.5,-55.0,35.0
48.5,-71.5,-32.5,30.7
70.5,78.5,-48.9,27.8
38.5,-121.5,-7.2,42.7
56.5,43.5,-37.8,32.8
63.5,104.5,-62.2,32.8
-34.5,141.5,17.8,17.8
61.5,46.5,-42.8,31.1
46.5,-123.5,-8.9,32.8
-24.5,-60.5,2.2,42.2
40.5,55.5,-25.0,42.2
-6.5,-76.5,12.2,35.0
71.5,128.5,-48.9,27.8
19.5,-75.5,15.0,36.1
60.5,142.5,-47.2,35.0
37.5,128.5,-16.4,36.3
38.5,-75.5,-18.3,36.7
47.5,67.5,-38.9,38.9
53.5,83.5,-50.0,35.0
-34.5,116.5,5.2,41.1
65.5,-126.5,-49.2,30.7
52.5,5.5,-12.0,30.7
1.5,-75.5,11.1,37.8
37.5,-93.5,-21.1,37.2
62.5,-141.5,-53.3,32.8
60.5,151.5,-57.8,28.9
-7.5,15.5,10.0,32.2
13.5,5.5,12.2,43.9
46.5,-87.5,-31.6,35.0
-37.5,142.5,-2.0,37.9
52.5,0.5,-18.7,32.4
48.5,79.5,-40.0,35.0
40.5,24.5,-6.1,32.8
40.5,-124.5,-5.0,31.1
39.5,-89.5,-25.0,40.0
63.5,131.5,-57.2,32.2
46.5,-112.5,-36.1,37.8
47.5,73.5,-40.0,36.1
51.5,59.5,-42.2,37.8
58.5,116.5,-55.0,33.9
44.5,-93.5,-34.4,37.2
58.5,38.5,-37.8,32.2
27.5,33.5,7.8,38.9
15.5,104.5,11.3,39.1
-41.5,147.5,-3.8,34.2
27.5,25.5,-5.6,37.8
52.5,76.5,-43.9,37.8
27.5,2.5,-1.1,47.2
39.5,58.5,-25.0,42.8
53.5,113.5,-50.0,27.8
27.5,-81.5,-2.2,37.2
-13.5,-71.5,-2.2,25.0
35.5,-80.5,-15.6,36.7
33.5,-80.5,-13.9,41.1
-11.5,133.5,13.4,36.7
57.5,49.5,-40.0,32.2
7.5,-77.5,18.9,31.1
50.5,86.5,-43.9,33.9
45.5,32.5,-17.8,33.9
42.5,12.5,-17.8,38.9
57.5,86.5,-47.8,35.0
-6.5,-77.5,2.2,25.0
50.5,30.5,-27.8,32.8
49.5,31.5,-27.8,32.2
18.5,-69.5,16.1,34.4
58.5,125.5,-46.1,32.2
61.5,100.5,-57.8,32.2
35.5,126.5,-16.1,37.9
65.5,31.5,-42.2,30.0
49.5,133.5,-40.0,32.2
69.5,36.5,-30.0,25.0
-25.5,-49.5,-5.0,33.0
51.5,138.5,-40.0,32.2
-15.5,128.5,15.4,36.9
57.5,60.5,-45.0,30.0
-33.5,149.5,-5.0,35.6
53.5,41.5,-32.8,36.1
39.5,-86.5,-26.1,36.7
51.5,28.5,-35.0,30.0
50.5,84.5,-41.1,27.8
50.5,10.5,-21.1,31.1
-7.5,-14.5,19.1,30.7
37.5,-121.5,-5.0,42.2
41.5,140.5,-15.9,31.3
29.5,60.5,-12.2,40.0
39.5,19.5,-2.8,37.2
-32.5,-71.5,-2.8,22.2
42.5,42.5,-8.9,38.9
42.5,71.5,-37.2,40.0
-13.5,-74.5,3.9,28.9
-37.5,148.5,1.7,38.9
54.5,136.5,-37.2,32.8
64.5,153.5,-53.9,30.0
-47.5,-74.5,0.0,23.9
-7.5,12.5,15.0,32.2
52.5,31.5,-33.9,32.2
45.5,-75.5,-32.5,36.3
-11.5,132.5,20.6,36.7
50.5,52.5,-38.9,37.8
57.5,27.5,-36.1,28.9
62.5,133.5,-57.8,32.8
1.5,-70.5,17.8,36.1
-11.5,-75.5,-11.1,32.8
11.5,-66.5,21.1,33.9
67.5,43.5,-37.2,27.8
60.5,90.5,-52.2,33.9
62.5,155.5,-48.9,27.8
44.5,44.5,-27.8,38.9
63.5,65.5,-48.9,28.9
40.5,15.5,-12.2,33.9
7.5,-74.5,16.1,32.8
38.5,45.5,-13.9,38.9
3.5,-77.5,20.0,35.0
39.5,-76.5,-22.2,38.3
50.5,8.5,-21.1,35.7
30.5,-86.5,-12.8,37.4
50.5,4.5,-15.0,33.9
42.5,69.5,-31.1,37.8
58.5,89.5,-48.9,32.8
28.5,9.5,-2.2,43.9
31.5,-100.5,-11.1,41.7
62.5,50.5,-47.2,30.0
32.5,-85.5,-15.6,38.9
67.5,116.5,-62.2,33.9
49.5,-10.5,-15.9,33.5
54.5,97.5,-47.8,28.9
74.5,100.5,-47.8,20.0
33.5,-84.5,-19.4,36.3
-37.5,145.5,-1.1,38.9
8.5,167.5,22.8,32.2
-17.5,-39.5,12.2,33.2
14.5,120.5,17.8,37.8
49.5,33.5,-27.2,33.9
40.5,124.5,-22.2,33.9
29.5,32.5,8.9,37.2
0.5,999.5,-38.9,22.2
17.5,54.5,13.9,37.8
-38.5,-72.5,-6.1,32.8
44.5,-123.5,-12.8,37.8
65.5,170.5,-37.8,20.0
19.5,27.5,-3.3,37.8
65.5,150.5,-60.0,32.2
37.5,15.5,-2.8,41.1
43.5,-90.5,-31.7,37.8
58.5,49.5,-42.2,31.1
50.5,103.5,-43.9,30.0
35.5,-5.5,1.1,41.1
55.5,79.5,-46.1,33.9
40.5,47.5,-12.8,31.1
53.5,-60.5,-31.4,30.2
41.5,16.5,-2.2,37.2
50.5,107.5,-42.8,28.9
71.5,130.5,-46.1,17.8
42.5,44.5,-17.8,30.0
35.5,33.5,-2.8,38.9
46.5,37.5,-3.3,16.1
-33.5,121.5,2.9,45.6
31.5,29.5,3.9,40.0
54.5,9.5,-13.9,31.1
-72.5,170.5,-30.6,5.0
57.5,99.5,-51.1,40.0
32.5,17.5,5.6,28.3
34.5,-4.5,-2.2,42.2
35.5,10.5,-1.1,42.8
19.5,102.5,4.1,41.3
68.5,61.5,-46.1,27.2
43.5,-93.5,-33.9,38.3
48.5,103.5,-38.9,31.1
64.5,170.5,-52.2,30.0
-32.5,-60.5,-6.1,37.2
32.5,-83.5,-15.6,39.4
36.5,38.5,-7.8,42.8
58.5,56.5,-42.8,31.1
48.5,-58.5,-22.0,21.8
27.5,56.5,8.9,42.8
62.5,166.5,-52.2,26.1
58.5,35.5,-37.8,31.1
-9.5,-77.5,16.1,33.9
13.5,108.5,8.0,39.1
35.5,-75.5,-11.5,36.8
28.5,-80.5,-3.9,35.7
50.5,116.5,-47.2,36.1
48.5,14.5,-22.8,32.2
60.5,162.5,-33.9,22.2
72.5,122.5,-47.8,28.9
61.5,-166.5,-32.0,26.3
51.5,100.5,-42.2,31.1
26.5,-78.5,6.1,34.4
-36.5,145.5,-2.7,43.4
56.5,73.5,-45.0,37.2
51.5,34.5,-28.9,32.8
56.5,160.5,-40.0,27.2
48.5,16.5,-20.0,35.0
-35.5,147.5,-3.3,43.5
52.5,30.5,-32.2,32.2
35.5,39.5,-6.1,42.8
30.5,-99.5,-11.1,38.9
-37.5,147.5,0.0,42.4
61.5,102.5,-60.0,32.2
52.5,9.5,-17.8,32.8
43.5,10.5,-12.2,36.1
69.5,-133.5,-48.9,25.6
54.5,25.5,-30.0,30.0
37.5,71.5,-25.0,36.1
52.5,24.5,-32.2,30.0
46.5,143.5,-22.2,26.1
-15.5,20.5,0.0,36.1
60.5,107.5,-56.1,32.2
-44.5,-72.5,-13.9,28.9
-25.5,128.5,0.3,42.7
25.5,30.5,1.1,43.9
54.5,142.5,-30.0,27.8
63.5,-144.5,-41.1,27.2
52.5,57.5,-42.2,27.8
41.5,12.5,-6.1,37.2
29.5,35.5,8.9,37.8
62.5,150.5,-42.8,27.8
45.5,55.5,-28.9,37.8
58.5,123.5,-53.9,35.0
51.5,0.5,-9.2,30.7
51.5,54.5,-37.8,32.2
44.5,24.5,-17.2,30.0
44.5,-88.5,-31.1,35.6
48.5,31.5,-26.1,31.1
36.5,28.5,-1.1,37.2
53.5,156.5,-33.9,21.1
65.5,84.5,-55.0,32.2
49.5,41.5,-28.9,36.1
34.5,132.5,-6.7,37.2
48.5,28.5,-22.8,32.2
52.5,102.5,-46.1,30.0
50.5,24.5,-25.0,28.9
61.5,158.5,-37.8,25.0
-17.5,145.5,8.8,38.9
34.5,-112.5,-17.8,38.9
19.5,30.5,-1.7,33.3
50.5,106.5,-36.1,36.1
36.5,-116.5,-23.9,41.1
25.5,29.5,-1.1,43.9
65.5,98.5,-61.1,32.2
40.5,-86.5,-27.7,37.2
61.5,126.5,-52.2,33.9
55.5,88.5,-46.1,32.8
-34.5,146.5,-1.7,44.4
16.5,31.5,-2.8,36.7
-30.5,128.5,-2.8,47.2
52.5,1.5,-10.0,29.6
42.5,59.5,-28.9,41.1
59.5,37.5,-33.9,31.1
12.5,-81.5,18.9,32.2
54.5,162.5,-27.2,25.0
31.5,31.5,2.8,36.1
99.5,999.5,-51.7,43.3
-24.5,113.5,4.8,44.8
50.5,155.5,-18.9,20.0
46.5,12.5,-20.0,37.4
54.5,12.5,-15.0,32.8
35.5,-78.5,-17.2,39.4
34.5,-120.5,-3.3,36.6
33.5,-7.5,2.8,36.1
54.5,100.5,-42.8,32.2
55.5,21.5,-27.2,31.1
-14.5,134.5,14.4,42.4
27.5,31.5,1.1,45.0
68.5,179.5,-45.0,22.2
48.5,62.5,-42.2,38.9
66.5,173.5,-46.1,28.9
10.5,123.5,20.7,36.3
36.5,128.5,-16.4,32.9
50.5,44.5,-32.2,36.1
65.5,72.5,-51.1,32.2
51.5,135.5,-43.9,32.8
-2.5,32.5,12.8,36.1
37.5,-77.5,-16.1,36.7
47.5,43.5,-27.8,45.0
39.5,32.5,-22.2,37.8
-11.5,19.5,3.9,33.9
-33.5,150.5,-5.4,41.7
14.5,108.5,10.2,41.3
44.5,50.5,-26.1,40.0
-28.5,-70.5,1.1,32.2
35.5,-6.5,-2.2,37.8
49.5,10.5,-20.9,36.3
46.5,8.5,-23.9,31.1
38.5,-104.5,-23.7,39.4
59.5,39.5,-37.2,31.1
32.5,51.5,-10.0,41.1
49.5,134.5,-42.8,32.2
53.5,103.5,-47.2,31.1
12.5,-11.5,12.8,42.2
10.5,106.5,15.2,39.6
52.5,41.5,-37.8,36.1
51.5,108.5,-46.1,32.2
76.5,68.5,-38.9,15.0
39.5,-104.5,-24.4,38.5
-38.5,141.5,5.0,36.7
53.5,29.5,-36.1,31.1
48.5,47.5,-32.8,37.2
69.5,171.5,-46.1,27.8
58.5,93.5,-47.8,36.1
50.5,25.5,-27.8,30.0
49.5,35.5,-27.8,37.2
39.5,21.5,-6.1,38.9
67.5,46.5,-32.8,23.9
16.5,30.5,1.1,31.7
47.5,39.5,-26.1,36.1
46.5,75.5,-38.9,36.1
44.5,134.5,-45.0,32.8
54.5,45.5,-36.1,33.9
-30.5,153.5,-2.7,43.3
43.5,13.5,-7.2,37.8
64.5,173.5,-33.9,20.0
52.5,45.5,-33.9,32.8
68.5,-179.5,-45.0,23.9
35.5,-106.5,-15.0,38.3
-43.5,-65.5,-8.9,37.8
-37.5,140.5,-1.7,42.2
7.5,171.5,22.2,31.7
50.5,66.5,-40.0,37.2
47.5,32.5,-25.0,33.9
60.5,131.5,-58.9,32.8
34.5,-85.5,-18.3,37.8
54.5,38.5,-32.2,32.8
8.5,-75.5,18.9,40.0
31.5,26.5,-4.4,38.9
52.5,127.5,-50.0,33.9
43.5,-119.5,-22.2,35.6
-36.5,147.5,-1.0,43.6
56.5,70.5,-46.1,35.0
43.5,51.5,-17.2,30.0
65.5,86.5,-47.8,32.2
-35.5,-57.5,-3.9,36.1
70.5,170.5,-48.9,21.1
50.5,118.5,-42.2,32.8
44.5,9.5,-12.8,36.1
36.5,21.5,-2.2,36.1
46.5,6.5,-18.9,32.2
61.5,-155.5,-38.1,28.0
46.5,92.5,-37.2,32.8
53.5,8.5,-18.9,32.8
-32.5,142.5,1.7,36.7
52.5,111.5,-45.0,30.0
73.5,107.5,-48.9,22.2
63.5,143.5,-62.8,31.1
69.5,60.5,-41.1,26.1
58.5,-156.5,-36.7,28.9
63.5,-22.5,-17.2,18.9
64.5,161.5,-57.2,27.8
53.5,79.5,-47.2,36.1
49.5,36.5,-28.9,36.1
56.5,136.5,-58.9,32.8
-34.5,115.5,7.8,34.4
63.5,82.5,-52.2,32.8
61.5,36.5,-42.2,32.2
47.5,70.5,-38.9,36.1
44.5,-73.5,-33.9,36.7
34.5,35.5,5.0,32.2
2.5,-75.5,17.2,40.0
32.5,20.5,-7.2,33.3
44.5,39.5,-13.9,36.1
-27.5,149.5,26.6,26.6
48.5,24.5,-27.8,31.1
61.5,156.5,-33.9,27.2
67.5,109.5,-62.8,31.1
45.5,40.5,-23.9,37.8
62.5,34.5,-40.0,32.2
64.5,158.5,-55.0,27.8
34.5,20.5,7.8,27.2
-22.5,114.5,12.8,38.3
51.5,27.5,-36.1,28.9
53.5,46.5,-37.2,35.0
36.5,-86.5,-22.6,39.4
76.5,-68.5,-41.7,16.9
68.5,-116.5,-42.8,17.2
64.5,100.5,-57.8,33.9
28.5,46.5,-3.9,48.9
57.5,140.5,-31.1,26.1
24.5,46.5,2.2,46.1
53.5,7.5,-17.2,30.0
71.5,-156.5,-44.4,24.4
54.5,167.5,-15.0,17.8
-27.5,-55.5,-2.2,38.9
37.5,20.5,2.2,37.2
38.5,61.5,-26.1,43.9
-27.5,152.5,-1.1,41.8
52.5,37.5,-27.8,33.9
-26.5,-70.5,3.9,25.0
48.5,33.5,-25.0,35.0
29.5,-94.5,-6.7,37.8
11.5,109.5,17.4,39.6
46.5,30.5,-20.0,35.0
61.5,-159.5,-43.3,29.4
31.5,-93.5,-8.7,39.1
41.5,29.5,-7.2,33.9
43.5,43.5,-27.8,36.1
59.5,27.5,-32.2,30.0
43.5,26.5,-15.0,35.0
60.5,-142.5,-19.4,20.0
-34.5,-57.5,3.9,37.2
44.5,11.5,-10.0,35.0
53.5,117.5,-42.8,32.8
56.5,35.5,-36.1,32.2
45.5,-122.5,-13.3,38.9
35.5,36.5,-6.1,42.2
52.5,88.5,-47.8,33.9
60.5,56.5,-42.2,30.0
7.5,151.5,22.8,32.2
47.5,142.5,-30.0,28.9
39.5,-84.5,-23.9,36.7
48.5,-124.5,1.1,17.2
52.5,157.5,-38.9,22.8
53.5,24.5,-32.2,31.1
42.5,43.5,-20.0,37.2
47.5,55.5,-32.8,36.1
38.5,73.5,-32.2,26.1
45.5,-94.5,-35.0,34.4
58.5,105.5,-55.0,32.2
-23.5,133.5,-2.2,41.7
-9.5,20.5,7.8,32.8
67.5,39.5,-37.8,27.8
29.5,52.5,-7.8,40.0
47.5,38.5,-26.1,37.8
-23.5,-70.5,5.0,27.2
-12.5,-77.5,10.0,30.0
60.5,97.5,-56.1,35.0
56.5,93.5,-48.9,36.1
-7.5,-78.5,0.0,25.0
53.5,21.5,-32.2,28.9
53.5,10.5,-17.2,32.2
60.5,93.5,-43.9,30.0
35.5,25.5,1.1,37.8
-31.5,-57.5,-2.8,38.9
53.5,98.5,-45.0,33.9
7.5,81.5,20.0,36.1
-34.5,144.5,-2.2,45.0
53.5,23.5,-35.0,31.1
29.5,47.5,0.0,50.6
57.5,89.5,-52.8,33.9
67.5,37.5,-45.0,28.9
39.5,8.5,-1.1,41.1
-34.5,138.5,-0.7,43.3
51.5,102.5,-42.8,30.0
49.5,49.5,-36.1,33.9
66.5,169.5,-40.0,17.2
42.5,-112.5,-22.8,36.7
69.5,127.5,-52.2,28.9
46.5,-105.5,-37.2,41.1
63.5,120.5,-57.2,33.9
47.5,60.5,-35.0,37.8
67.5,31.5,-41.1,30.0
49.5,81.5,-41.1,35.0
53.5,140.5,-37.8,31.1
48.5,98.5,-50.0,30.0
63.5,87.5,-48.9,33.9
52.5,36.5,-27.8,32.2
61.5,70.5,-47.8,36.1
57.5,103.5,-55.0,33.9
23.5,28.5,5.6,37.2
17.5,27.5,8.3,38.9
69.5,166.5,-46.1,28.9
52.5,38.5,-37.8,35.0
45.5,21.5,-16.1,33.9
24.5,153.5,15.6,32.8
54.5,28.5,-32.2,30.0
-9.5,16.5,7.8,32.2
54.5,80.5,-46.1,36.1
46.5,108.5,-38.9,35.0
58.5,-94.5,-42.5,29.6
54.5,122.5,-42.8,32.2
49.5,34.5,-27.2,35.0
44.5,56.5,-31.1,41.1
14.5,-87.5,8.9,33.9
53.5,118.5,-50.0,32.2
48.5,82.5,-48.9,32.8
28.5,33.5,6.1,37.8
51.5,110.5,-48.9,35.0
42.5,27.5,-11.1,33.9
43.5,-75.5,-32.2,37.8
59.5,160.5,-40.0,27.2
33.5,-4.5,-1.1,42.2
55.5,137.5,-36.1,26.1
58.5,82.5,-46.1,32.8
-26.5,-65.5,0.0,40.0
43.5,-89.5,-30.0,35.6
56.5,96.5,-50.0,35.0
-41.5,148.5,1.7,36.1
58.5,-122.5,-44.8,30.7
-1.5,35.5,3.9,30.0
-31.5,136.5,1.7,44.4
-50.5,-72.5,-12.8,26.1
61.5,108.5,-60.0,32.8
44.5,63.5,-32.8,40.0
39.5,41.5,-26.1,32.2
59.5,31.5,-36.1,32.2
55.5,98.5,-47.2,37.2
32.5,37.5,-2.2,42.8
-20.5,130.5,6.6,43.6
-31.5,148.5,-0.3,37.7
36.5,30.5,-2.2,41.1
33.5,36.5,-6.1,41.1
67.5,125.5,-52.2,33.9
56.5,105.5,-50.0,32.8
37.5,23.5,-2.8,37.8
63.5,123.5,-60.0,37.2
38.5,38.5,-20.0,38.9
46.5,-122.5,-13.9,36.1
34.5,-119.5,-2.8,37.9
-14.5,-170.5,17.8,32.2
47.5,96.5,-38.9,31.1
34.5,-118.5,-10.0,45.0
7.5,134.5,22.2,32.2
52.5,140.5,-42.8,30.0
50.5,-128.5,-16.7,27.2
-10.5,142.5,15.6,32.8
57.5,25.5,-33.9,30.0
40.5,49.5,-6.1,32.2
56.5,57.5,-47.8,30.0
-34.5,135.5,7.0,38.8
67.5,174.5,-41.1,21.1
45.5,77.5,-42.2,38.9
-32.5,115.5,8.0,32.8
62.5,152.5,-57.8,32.2
41.5,-78.5,-26.1,32.8
58.5,128.5,-53.9,36.1
38.5,21.5,-6.1,38.9
41.5,72.5,-32.2,37.2
-32.5,-68.5,-6.1,37.8
44.5,133.5,-42.8,32.8
48.5,22.5,-23.9,32.8
59.5,106.5,-57.2,32.2
27.5,-97.5,-4.4,39.4
-81.5,170.5,-18.3,-1.7
66.5,-162.5,-46.1,26.1
41.5,-97.5,-31.1,40.0
62.5,66.5,-48.9,30.0
-32.5,-70.5,-21.1,16.1
55.5,65.5,-46.1,36.1
45.5,35.5,-16.1,32.2
47.5,-54.5,-15.9,24.6
68.5,112.5,-58.9,32.2
-19.5,-43.5,5.1,35.1
66.5,136.5,-57.8,32.2
71.5,157.5,-38.9,26.1
54.5,75.5,-47.2,36.1
56.5,-160.5,-27.2,21.1
53.5,121.5,-50.0,33.9
56.5,69.5,-45.0,35.0
31.5,34.5,2.2,41.1
18.5,12.5,2.8,43.9
59.5,103.5,-56.1,33.9
42.5,68.5,-35.0,41.1
47.5,136.5,-43.9,32.2
38.5,-98.5,-25.6,42.2
18.5,1.5,8.9,45.0
34.5,10.5,0.0,42.8
44.5,28.5,-13.9,32.2
70.5,147.5,-52.2,28.9
41.5,-87.5,-28.3,36.7
73.5,139.5,-42.2,16.1
40.5,-88.5,-24.4,39.4
53.5,158.5,-26.1,28.9
40.5,-115.5,-26.1,37.8
43.5,132.5,-32.2,33.9
49.5,6.5,-19.4,32.8
38.5,56.5,-21.1,42.2
40.5,-76.5,-20.0,40.6
67.5,153.5,-53.9,30.0
21.5,-158.5,10.0,33.3
51.5,-114.5,-35.3,30.2
49.5,42.5,-31.1,37.2
48.5,69.5,-40.0,37.2
51.5,33.5,-28.9,32.8
37.5,12.5,2.8,36.1
40.5,-114.5,-17.2,37.8
35.5,-89.5,-19.4,39.4
65.5,87.5,-53.9,35.0
33.5,130.5,-7.0,36.3
30.5,-89.5,5.8,31.3
-29.5,-61.5,0.0,40.0
0.5,32.5,13.9,32.2
76.5,110.5,-47.8,22.2
-32.5,-54.5,-2.2,36.1
55.5,40.5,-38.9,32.2
46.5,-96.5,-35.6,36.7
54.5,21.5,-27.8,31.1
42.5,-92.5,-33.9,36.7
59.5,48.5,-42.8,28.9
32.5,-64.5,8.9,32.2
-8.5,13.5,12.8,36.1
52.5,80.5,-50.0,37.2
72.5,113.5,-26.1,27.2
36.5,15.5,1.1,35.0
62.5,89.5,-50.0,32.8
-13.5,-43.5,11.9,38.6
57.5,92.5,-48.9,35.0
18.5,32.5,-4.4,36.7
53.5,108.5,-35.0,22.2
66.5,130.5,-58.9,32.8
43.5,133.5,-40.0,35.0
-40.5,145.5,-2.2,27.2
48.5,41.5,-32.2,38.9
42.5,-72.5,-28.7,38.5
48.5,15.5,-26.1,33.9
52.5,116.5,-47.8,33.9
68.5,170.5,-47.2,28.9
33.5,-118.5,0.0,40.6
4.5,-73.5,17.8,36.1
33.5,-78.5,-10.3,36.8
64.5,117.5,-60.0,32.2
44.5,76.5,-43.9,38.9
34.5,32.5,2.2,36.1
60.5,92.5,-56.1,33.9
30.5,-88.5,-11.7,38.3
51.5,24.5,-25.0,28.9
28.5,30.5,1.1,43.9
44.5,69.5,-42.2,40.0
50.5,34.5,-28.9,35.0
59.5,91.5,-51.1,32.2
28.5,-13.5,10.0,41.1
44.5,110.5,-32.8,37.8
61.5,74.5,-50.0,36.1
48.5,78.5,-37.8,35.0
29.5,34.5,3.9,47.2
45.5,38.5,-23.9,37.8
-27.5,-59.5,1.1,41.1
45.5,-98.5,-38.3,42.2
67.5,34.5,-36.1,27.8
41.5,-86.5,-25.0,33.9
48.5,64.5,-37.8,38.9
53.5,115.5,-52.2,32.2
16.5,28.5,3.3,40.0
31.5,6.5,-2.2,47.2
50.5,46.5,-35.0,36.1
12.5,101.5,15.2,35.2
56.5,23.5,-27.2,28.9
69.5,32.5,-22.8,22.8
-20.5,140.5,5.0,44.2
18.5,-66.5,16.7,33.9
49.5,136.5,-43.9,33.9
-42.5,148.5,0.6,38.3
59.5,28.5,-40.0,31.1
43.5,39.5,-2.2,33.9
41.5,23.5,-15.0,37.2
34.5,-77.5,-11.7,37.2
77.5,104.5,-45.0,17.2
51.5,13.5,-17.8,33.9
60.5,-151.5,-36.7,32.2
47.5,105.5,-36.1,35.0
3.5,103.5,18.9,36.1
35.5,-110.5,-23.9,40.0
49.5,135.5,-37.2,32.2
64.5,140.5,-60.0,31.1
66.5,93.5,-56.1,32.2
-24.5,152.5,3.8,35.1
38.5,35.5,-22.8,37.2
73.5,70.5,-46.1,20.0
51.5,130.5,-51.1,32.8
36.5,-6.5,-3.3,40.0
66.5,123.5,-56.1,32.8
71.5,136.5,-52.2,28.9
35.5,136.5,-7.0,37.9
61.5,64.5,-46.1,30.0
53.5,81.5,-47.2,33.9
37.5,-99.5,-22.8,41.1
49.5,87.5,-47.2,22.2
-25.5,149.5,27.4,27.4
52.5,104.5,-42.2,31.1
31.5,-85.5,-13.3,37.8
49.5,-9.5,-20.5,32.2
30.5,-97.5,-9.4,40.7
36.5,-76.5,-12.2,36.7
59.5,42.5,-40.0,30.0
40.5,71.5,-22.2,37.8
58.5,52.5,-42.2,30.0
52.5,87.5,-48.9,33.9
60.5,102.5,-60.0,37.2
-27.5,135.5,0.6,45.7
50.5,42.5,-27.8,36.1
52.5,138.5,-50.0,32.8
24.5,9.5,2.8,41.1
64.5,-162.5,-41.4,26.3
59.5,67.5,-46.1,32.8
13.5,11.5,7.8,42.8
12.5,-8.5,12.2,41.1
32.5,-6.5,2.2,42.8
73.5,123.5,-47.2,22.8
24.5,31.5,1.7,41.1
70.5,70.5,-52.2,23.9
77.5,103.5,-46.1,17.8
66.5,37.5,-31.1,30.0
55.5,109.5,-42.8,30.0
46.5,11.5,-16.1,36.1
54.5,46.5,-33.9,32.2
59.5,118.5,-53.9,33.9
48.5,58.5,-37.8,35.0
45.5,133.5,-42.2,32.2
45.5,23.5,-21.1,28.9
50.5,70.5,-40.0,32.8
36.5,-108.5,-21.1,36.7
58.5,24.5,-32.2,28.9
-13.5,131.5,12.6,39.1
63.5,67.5,-48.9,31.1
46.5,-114.5,-31.1,38.9
47.5,24.5,-25.0,28.9
31.5,44.5,-3.9,48.9
29.5,0.5,-2.2,46.1
59.5,30.5,-37.2,31.1
47.5,-111.5,-42.2,41.1
33.5,23.5,-2.8,38.3
52.5,85.5,-46.1,33.9
43.5,45.5,-26.1,37.8
33.5,-81.5,-15.0,41.1
57.5,74.5,-50.0,32.8
61.5,146.5,-53.9,32.2
70.5,-159.5,-47.2,28.3
54.5,137.5,-38.9,22.8
40.5,65.5,-27.2,42.8
30.5,32.5,5.0,37.8
13.5,107.5,8.0,39.1
67.5,33.5,-32.2,27.2
52.5,-106.5,-42.5,32.9
-31.5,145.5,-0.6,42.0
60.5,127.5,-48.9,32.8
39.5,34.5,-17.2,35.0
53.5,92.5,-47.2,33.9
43.5,-116.5,-16.1,41.1
55.5,37.5,-30.0,32.2
-4.5,-69.5,15.0,38.9
65.5,173.5,-43.9,26.1
59.5,33.5,-37.2,32.8
58.5,159.5,-33.9,22.2
54.5,71.5,-43.9,38.9
57.5,31.5,-42.2,32.2
54.5,78.5,-48.9,33.9
40.5,52.5,-21.1,42.2
54.5,99.5,-46.1,33.9
62.5,-153.5,-43.9,28.3
20.5,-13.5,8.9,45.0
28.5,32.5,9.4,31.1
48.5,9.5,-18.7,34.1
53.5,125.5,-41.1,33.9
52.5,115.5,-50.0,33.9
57.5,107.5,-50.0,32.2
44.5,-103.5,-30.0,41.6
69.5,-163.5,-48.9,25.0
68.5,164.5,-51.1,31.1
33.5,-5.5,-7.8,42.8
54.5,107.5,-51.1,32.2
-37.5,-72.5,-5.0,36.1
41.5,59.5,-27.2,40.0
66.5,70.5,-47.2,28.9
55.5,73.5,-43.9,37.2
54.5,44.5,-33.9,33.9
38.5,46.5,-21.1,38.9
-12.5,135.5,18.1,36.7
-45.5,-71.5,-13.9,31.1
54.5,23.5,-27.2,31.1
63.5,167.5,-47.8,27.8
55.5,43.5,-37.8,32.8
66.5,87.5,-50.0,32.2
19.5,166.5,19.4,33.3
57.5,108.5,-57.2,32.8
74.5,138.5,-42.2,12.8
52.5,105.5,-33.9,26.1
54.5,92.5,-46.1,36.1
73.5,88.5,-50.0,27.8
-38.5,146.5,-3.9,41.0
-49.5,-74.5,-7.2,23.9
-10.5,-76.5,-8.9,17.2
18.5,-67.5,16.9,32.9
-33.5,151.5,1.1,40.1
50.5,78.5,-43.9,37.8
63.5,99.5,-57.8,32.8
-43.5,-71.5,-7.2,32.2
53.5,50.5,-38.9,36.1
53.5,11.5,-21.1,32.2
43.5,12.5,-11.1,37.2
56.5,115.5,-52.2,32.2
44.5,-84.5,-31.1,35.6
-10.5,13.5,13.9,32.2
41.5,42.5,-11.1,36.1
44.5,105.5,-32.2,33.9
42.5,-115.5,-5.3,35.7
67.5,168.5,-61.1,28.9
28.5,-16.5,-5.0,40.0
51.5,143.5,-37.8,30.0
-13.5,143.5,13.3,36.1
36.5,10.5,0.0,40.0
63.5,34.5,-37.8,30.0
41.5,-95.5,-28.9,39.4
36.5,8.5,-1.1,45.0
55.5,12.5,-12.8,27.2
38.5,-76.5,-19.2,37.9
46.5,102.5,-37.2,30.0
43.5,111.5,-32.8,36.1
-27.5,153.5,3.3,40.1
45.5,82.5,-30.0,37.2
45.5,64.5,-40.0,40.0
71.5,114.5,-57.8,28.9
63.5,66.5,-50.0,30.0
48.5,106.5,-43.9,36.1
64.5,125.5,-55.0,32.2
-27.5,-58.5,11.1,32.8
44.5,147.5,-22.2,30.0
29.5,58.5,-3.9,43.9
-10.5,35.5,8.9,36.1
49.5,111.5,-38.9,33.9
60.5,54.5,-42.2,30.0
59.5,57.5,-43.9,27.8
47.5,139.5,-31.1,27.8
45.5,37.5,-17.8,33.9
34.5,38.5,-6.1,42.8
35.5,40.5,-7.8,43.9
42.5,-108.5,-27.8,35.0
70.5,57.5,-38.9,21.1
-11.5,131.5,20.7,37.6
23.5,-15.5,12.2,32.8
50.5,104.5,-38.9,36.1
52.5,68.5,-42.2,35.0
56.5,74.5,-50.0,35.0
6.5,81.5,17.8,37.2
-31.5,-64.5,-3.9,40.0
55.5,55.5,-42.2,30.0
-11.5,15.5,2.8,32.8
-8.5,-74.5,13.9,37.8
44.5,43.5,-27.2,37.2
54.5,35.5,-31.1,31.1
80.5,79.5,-46.1,8.9
52.5,129.5,-50.0,33.9
38.5,-82.5,-20.6,34.4
-23.5,-47.5,2.0,36.5
0.5,37.5,6.1,28.9
64.5,164.5,-56.1,27.2
49.5,102.5,-45.0,32.8
54.5,135.5,-51.1,33.9
49.5,66.5,-42.2,37.8
46.5,36.5,-21.1,31.1
42.5,54.5,-28.9,41.1
46.5,34.5,-22.8,35.0
32.5,-86.5,-15.0,40.6
5.5,-75.5,10.0,28.9
58.5,54.5,-47.2,32.2
32.5,-80.5,-12.2,38.9
-8.5,33.5,2.2,37.8
31.5,-84.5,-13.3,38.3
47.5,12.5,-33.9,31.1
39.5,25.5,-2.8,36.1
56.5,46.5,-37.2,32.8
64.5,-149.5,-51.7,33.3
32.5,-108.5,-10.6,35.6
45.5,10.5,-15.0,33.9
47.5,-97.5,-37.8,37.2
66.5,143.5,-61.1,33.9
65.5,65.5,-51.1,28.9
57.5,157.5,-25.0,23.9
63.5,-149.5,-40.0,28.3
29.5,22.5,-5.6,42.2
-38.5,-68.5,-10.0,37.2
30.5,-87.5,-12.2,38.9
10.5,-75.5,20.0,36.1
35.5,-97.5,-17.8,41.7
48.5,57.5,-38.9,40.0
70.5,-149.5,-48.9,22.2
64.5,-156.5,-49.2,33.5
39.5,-120.5,-11.7,30.6
-27.5,-70.5,0.0,31.1
55.5,94.5,-45.0,36.1
52.5,66.5,-42.2,36.1
47.5,80.5,-42.2,36.1
55.5,30.5,-33.9,31.1
41.5,78.5,-38.9,17.8
54.5,123.5,-52.2,33.9
68.5,28.5,-38.9,28.9
59.5,151.5,-42.8,22.8
60.5,34.5,-40.0,31.1
21.5,-71.5,18.3,32.8
47.5,58.5,-37.2,36.1
39.5,44.5,-26.1,41.1
43.5,146.5,-16.1,28.9
63.5,113.5,-58.9,33.9
58.5,34.5,-37.8,32.2
77.5,100.5,-46.1,12.2
56.5,124.5,-52.2,32.2
46.5,7.5,-18.9,33.9
26.5,50.5,3.9,47.2
69.5,49.5,-37.2,23.9
65.5,160.5,-56.1,28.9
50.5,37.5,-27.2,33.9
49.5,3.5,-16.1,31.1
21.5,31.5,2.8,41.1
66.5,-179.5,-37.8,25.0
57.5,23.5,-32.2,31.1
50.5,137.5,-45.0,33.9
43.5,-96.5,-36.7,40.0
55.5,69.5,-45.0,36.1
38.5,127.5,-22.6,35.7
27.5,-80.5,-3.3,33.9
39.5,-94.5,-25.6,41.1
44.5,-68.5,-33.9,34.6
52.5,143.5,-35.0,28.9
38.5,68.5,-18.9,41.1
53.5,-122.5,-35.9,28.5
47.5,134.5,-38.9,32.8
36.5,23.5,0.0,35.0
31.5,-110.5,-9.4,38.3
70.5,-124.5,-47.2,20.6
61.5,159.5,-38.9,25.0
35.5,-103.5,-19.4,42.2
72.5,78.5,-46.1,27.8
-41.5,146.5,0.3,37.2
66.5,34.5,-37.2,27.2
63.5,179.5,-36.1,23.9
56.5,138.5,-32.8,23.9
57.5,88.5,-50.0,33.9
39.5,45.5,-16.1,37.2
68.5,29.5,-42.2,32.8
-37.5,-57.5,-3.9,35.0
42.5,132.5,-25.0,28.9
44.5,-83.5,-27.2,36.7
63.5,129.5,-57.8,32.2
14.5,-85.5,13.9,36.1
65.5,52.5,-45.0,30.0
73.5,80.5,-43.9,18.9
63.5,147.5,-53.9,30.0
45.5,36.5,-18.9,32.8
48.5,144.5,-23.9,17.8
57.5,67.5,-46.1,32.2
6.5,102.5,20.0,35.0
20.5,27.5,-0.6,35.0
36.5,129.5,-13.7,38.5
11.5,-74.5,20.0,37.2
42.5,24.5,-25.0,36.1
65.5,82.5,-50.0,31.1
33.5,-107.5,-15.0,37.8
36.5,61.5,-20.0,42.2
68.5,34.5,-42.2,28.9
54.5,39.5,-31.1,33.9
56.5,101.5,-43.9,32.2
37.5,67.5,-12.8,42.8
42.5,-96.5,-30.6,38.9
-31.5,143.5,1.1,45.0
48.5,75.5,-45.0,33.9
52.5,107.5,-36.1,22.8
27.5,-99.5,-2.6,42.4
55.5,116.5,-52.8,33.9
21.5,39.5,12.8,43.9
42.5,79.5,-31.1,27.8
36.5,-82.5,-25.0,34.4
39.5,-106.5,-31.1,35.0
63.5,154.5,-56.1,31.1
-29.5,147.5,24.7,24.7
7.5,-73.5,16.1,38.9
52.5,11.5,-20.0,33.9
33.5,-102.5,-19.4,40.5
57.5,126.5,-50.0,28.9
-26.5,153.5,12.8,30.6
40.5,43.5,-30.0,32.2
68.5,73.5,-47.8,22.8
72.5,119.5,-48.9,22.2
51.5,51.5,-41.1,37.8
41.5,-73.5,-21.7,37.2
60.5,-135.5,-46.4,29.6
49.5,1.5,-15.6,28.9
10.5,108.5,15.7,37.4
36.5,43.5,-3.9,48.9
16.5,-85.5,20.0,32.8
47.5,-109.5,-40.6,37.8
18.5,-15.5,7.8,45.0
-25.5,150.5,7.2,30.6
51.5,37.5,-27.8,36.1
49.5,59.5,-40.0,37.2
50.5,36.5,-28.9,32.8
26.5,30.5,-3.3,29.4
58.5,21.5,-22.2,25.0
60.5,84.5,-50.0,35.0
61.5,38.5,-41.1,30.0
56.5,163.5,-20.0,18.9
55.5,27.5,-33.9,30.0
42.5,10.5,0.0,32.2
29.5,31.5,2.2,41.1
41.5,14.5,-10.0,35.0
68.5,33.5,-37.8,30.0
-30.5,-57.5,0.0,37.8
63.5,173.5,-50.0,27.2
16.5,-0.5,11.1,45.0
15.5,100.5,13.0,41.3
16.5,104.5,11.3,41.3
50.5,56.5,-37.8,32.2
43.5,-92.5,-34.4,33.9
29.5,-89.5,-6.1,34.4
1.5,35.5,8.9,28.9
64.5,34.5,-36.1,30.0
55.5,15.5,-16.1,26.1
48.5,-106.5,-42.8,38.3
43.5,-91.5,-33.3,36.1
50.5,55.5,-37.8,32.8
40.5,8.5,0.0,37.8
52.5,141.5,-37.2,22.2
-21.5,150.5,12.2,32.3
16.5,29.5,3.9,33.9
39.5,-74.5,-20.6,39.4
6.5,-75.5,12.2,32.2
4.5,-74.5,-2.8,40.0
