21.5,83.5,26.857075951228573,6.701352842206166
25.5,57.5,26.81343115622241,5.486450280700367
25.5,88.5,25.426751790936546,5.755038992088634
-24.5,152.5,21.78635349052692,5.280240078563034
26.5,127.5,24.58755509463259,4.434124386282837
63.5,-68.5,-7.814052043342493,12.858894986515198
25.5,91.5,17.61838091683769,3.8858293250957874
-20.5,-51.5,21.734791271484696,4.021612154358516
46.5,14.5,4.393025638639618,10.293579166507058
-17.5,140.5,25.591219940218178,4.723839931341608
-18.5,-48.5,22.0629288309262,3.3261855419333095
60.5,-161.5,-0.7979481889041911,11.9315769236695
-2.5,140.5,26.262457619597733,3.089786004763839
23.5,79.5,25.462831509029087,7.831190121437588
34.5,135.5,7.679218106995839,4.747683017941423
39.5,-86.5,9.992585960524123,11.164737347990307
58.5,-111.5,3.023101103153515,14.295702991381477
48.5,-112.5,2.240932528707828,12.092108367894657
3.5,-51.5,25.180736743667477,3.3975763562738273
5.5,-75.5,28.9616242199843,3.9111427403890535
33.5,-101.5,27.223076923076928,5.354372560095358
25.5,83.5,24.932055329819157,7.9145952048077675
-24.5,-49.5,17.522894449259525,4.08992218557906
-28.5,-70.5,19.359458615650333,6.267539810816592
-14.5,132.5,27.880044640111134,5.071368591912712
32.5,-97.5,16.995856257348848,9.916656807779642
49.5,10.5,8.765722711749806,9.290540858639776
46.5,-64.5,6.145283584831619,10.967965832040974
15.5,120.5,26.427857978932,3.0884282368128475
37.5,-122.5,13.254015073316557,3.9460438027737945
24.5,88.5,26.2799484417486,5.545085533892724
32.5,-104.5,17.239363890505345,9.586889745087694
43.5,17.5,18.570271791700364,9.027359937428248
20.5,85.5,25.295358350569593,4.695694376405153
-35.5,-72.5,11.620507400981133,3.9967093145037365
23.5,78.5,25.278019566261143,6.618674981434568
-21.5,-47.5,21.028112746592445,4.034591267525845
51.5,9.5,7.917255546654154,8.797076892878302
51.5,-1.5,13.312517313019242,4.719527657358328
30.5,-97.5,18.866149409870786,8.503827683807438
49.5,-53.5,2.4058545852703723,8.191067752480858
-29.5,-55.5,19.22685185185185,5.128526004423836
33.5,-115.5,19.28718642276602,10.827498625439688
49.5,15.5,6.662794922176847,9.326272867567718
65.5,-166.5,-1.0114863509234944,11.454426449641883
-27.5,135.5,21.781394767902565,8.53564214724336
-26.5,-65.5,16.0733079025675,6.854075283858505
31.5,-92.5,19.09732114405621,8.689223636001918
48.5,7.5,9.77538241891528,8.802580465145716
-33.5,-78.5,15.080991255197205,2.852185847636804
35.5,-97.5,13.994049657238122,10.489229789056882
-38.5,-73.5,12.231228377793737,3.11119183188715
60.5,-121.5,1.6793766547908198,13.734096376545587
62.5,-140.5,-5.177289562413043,14.988485298412499
26.5,73.5,26.032081931683635,6.696700040003915
64.5,-162.5,0.21975738010270351,12.406106096925841
22.5,88.5,25.98073306850269,5.480053188373011
-22.5,-44.5,20.36579835393628,3.623838215038202
26.5,84.5,25.328716956802047,6.894230512007861
40.5,-82.5,18.210698174006406,7.099682860512709
46.5,-109.5,7.394075237403753,10.288488434338202
27.5,102.5,19.141958223505213,7.009224411673666
51.5,16.5,5.379222371427359,10.301286981766022
32.5,-112.5,21.56387159317613,10.322148073436777
14.5,121.5,27.215585659552033,3.0607070400945977
-19.5,-46.5,20.31585951559473,3.2129022750404737
28.5,64.5,22.374220042568133,11.940215956377445
64.5,-83.5,-9.891227342040274,14.35365107152482
17.5,-76.5,26.15486892486233,3.965079620945331
-15.5,-44.5,23.75624875222492,2.3413660720370904
32.5,-88.5,19.086701754729486,8.91884223965283
-31.5,-54.5,18.084000972150736,5.602434690549862
25.5,55.5,27.15483081381944,6.638623641119152
-24.5,-50.5,16.31394831245048,4.431680950642879
24.5,97.5,25.55640841272729,5.399357806304573
3.5,-50.5,24.259094982078864,1.0635171437228232
70.5,23.5,-0.12319259371205837,6.813229218460738
-19.5,-57.5,24.472000257295708,4.044951286409983
21.5,86.5,25.69930533204588,4.801155296546493
0.5,-51.5,27.604933726544562,2.7875275839013134
27.5,94.5,20.635797669695574,6.320298697225657
35.5,0.5,16.473376607484408,6.890543128329108
35.5,-106.5,15.688329706983339,9.888453342534405
53.5,15.5,4.761485143304957,9.09035020172413
29.5,79.5,13.08180904247055,5.885372840100648
21.5,-71.5,26.30126762446816,2.353517774968799
-18.5,-39.5,24.125861728639233,2.625536329723318
53.5,16.5,4.15963594432635,10.172066049195863
70.5,-117.5,-11.479419818291685,14.456684832445868
11.5,125.5,27.179569872353834,2.4260122098666965
-20.5,-29.5,23.258378378378396,2.0985574369762143
-16.5,-41.5,21.38790241870193,2.2288067284069046
22.5,77.5,26.188097028584128,7.281238379430391
22.5,74.5,25.80506068006065,6.988430809574786
41.5,-70.5,5.442924675249781,8.739005152107262
26.5,83.5,25.78665138509561,7.28473077669905
-27.5,-64.5,16.80935350848145,6.938827765859709
36.5,5.5,18.709101277372252,8.831986167717297
30.5,76.5,24.64509932691017,9.51943833437414
25.5,81.5,26.96962990461233,7.457861206970268
-13.5,131.5,26.017098233538675,4.197098742104786
41.5,-74.5,10.040271543538285,11.128649318765522
35.5,-113.5,16.961762665820384,9.915406477681692
26.5,50.5,27.290360364226313,6.236004405649063
74.5,-83.5,-19.49170305676857,6.754178469208534
20.5,-155.5,24.722527472527467,2.530065698696614
62.5,-163.5,-5.425203028549376,10.294884960437171
34.5,-118.5,15.162207591783178,7.15321424313478
-21.5,-45.5,18.807425637225005,3.6829830596623925
47.5,-111.5,5.242796969034996,11.743301599236307
22.5,75.5,24.53490319088786,7.527290261779196
-34.5,-58.5,16.373768091070925,6.890677544904523
-0.5,-90.5,24.211274525474977,2.67369859416919
43.5,-96.5,6.557199911728199,12.372343392784197
14.5,120.5,27.512738696563773,3.3790224377817424
-2.5,147.5,27.575844635881495,1.9055511666118878
-3.5,-32.5,26.485999098012122,1.8045470153479009
7.5,100.5,26.827741711833873,2.8419430534385723
61.5,-117.5,-6.060107640211345,16.25412664494673
-38.5,-72.5,8.880252612052013,4.184026941718842
-31.5,-60.5,16.161037648489188,6.971390366681088
3.5,172.5,28.1060346791778,1.6216153248946996
-21.5,-44.5,18.327974323377163,3.990889002699395
65.5,-152.5,-0.3213836147683498,14.393792592713961
-25.5,-54.5,18.29855266686984,5.7596774042010725
-35.5,-71.5,11.27845980638821,5.027675813250467
13.5,100.5,27.62242373242392,3.1746845370856316
-16.5,-57.5,24.360135565520764,3.3875297508329383
55.5,-131.5,8.627591635325194,5.564619795720185
65.5,-164.5,0.9721804511278168,3.375761754935323
25.5,73.5,23.402826855123706,5.595561636698243
34.5,-6.5,16.317736473200306,5.270090497120279
54.5,-58.5,-2.6464124317460826,10.242459854166917
52.5,7.5,8.060289954436147,8.101778511622133
-26.5,-69.5,10.339069264069263,2.944631478638041
54.5,-114.5,4.233395972320693,12.490836075566616
38.5,21.5,18.409761926625563,7.517963090191956
-16.5,177.5,27.467022515033506,2.0720318224482908
36.5,103.5,0.28481012658227606,6.752372708924994
43.5,-116.5,9.045888333937352,9.283375148122063
36.5,6.5,11.261098607623142,9.87099026730039
32.5,-100.5,21.766283853273983,7.485607468291947
53.5,0.5,8.161871597695695,5.938090963206205
36.5,-102.5,10.977645356901883,10.895749803869828
-2.5,-171.5,28.388018904210956,1.6853826667118668
26.5,75.5,25.258206534268673,8.323836648463692
-38.5,-62.5,12.977970146653595,7.500968929126245
34.5,-4.5,18.309757760197545,8.486274914042113
-32.5,-70.5,5.587327068367229,9.521674062586126
56.5,-64.5,-4.947727380466198,12.634571640210215
32.5,20.5,19.338985590172964,5.7074330021898145
-9.5,159.5,27.377487400104712,2.1875431893311927
-2.5,-78.5,17.80887779690188,2.883052705060283
-22.5,-63.5,25.912004707995447,5.506022965816869
13.5,22.5,25.891465833398296,6.321707228562192
43.5,-115.5,12.288705329778644,10.98619637327482
38.5,-85.5,11.644921561791175,10.532419195862543
24.5,90.5,25.512559666108864,4.911097563646375
59.5,-161.5,-1.0124366575310173,10.759968472376876
34.5,49.5,12.127558898491309,10.17943993803491
-7.5,-34.5,26.194570378258998,2.112468616064775
-46.5,-68.5,7.473524336185524,6.30452598684075
48.5,-58.5,5.432470439901193,9.140021010033568
50.5,16.5,4.881575431073646,10.282935874793697
50.5,14.5,7.914807722419688,9.594228216233581
-18.5,127.5,26.88109879669881,7.09557333055818
41.5,-72.5,10.401469994515425,10.507305354290883
11.5,162.5,28.531614808085504,1.2917266057701717
-35.5,-70.5,7.694778214539072,7.644143146061871
36.5,-86.5,13.811629663135331,10.126955888373875
32.5,-107.5,14.391165647625566,9.733680279838232
28.5,-81.5,22.495050564840056,6.328158881730456
-47.5,-65.5,9.274197531539166,6.072799580172769
51.5,-0.5,10.25484649863661,5.91341383643714
31.5,-83.5,20.175300004629136,7.911204001952583
-6.5,145.5,25.4243084675753,3.7047260578381285
26.5,68.5,25.681629583038504,10.799459204263728
-22.5,-46.5,18.563043478260866,4.195647781029422
64.5,-147.5,-2.1669473744606167,15.62223458178952
51.5,7.5,8.444180393485414,8.35100194309127
60.5,-172.5,-1.4072563723056633,8.372909902808944
57.5,10.5,9.094274875083194,8.445419183982942
33.5,40.5,17.420474115587282,10.095427228164759
62.5,-114.5,-3.7804582880541746,16.160386535591226
48.5,2.5,10.67560211821724,7.846914932855298
-13.5,-76.5,21.12191110562889,3.9015532103119415
-23.5,-46.5,20.668598109808286,4.173205767457624
-18.5,-47.5,20.906137339607607,2.5721621295831567
20.5,77.5,27.221925849419904,7.11611050665111
17.5,77.5,25.34531652554063,4.820489367004439
21.5,-158.5,23.05468892048108,3.2971277395913723
52.5,-172.5,5.531967303548645,4.389551568056977
37.5,-75.5,16.065298049379425,8.253120603937203
-21.5,145.5,25.00366666666668,5.389522541210984
61.5,-64.5,-5.990017331401759,8.430738283695144
62.5,-145.5,-2.6187944075177634,13.74561750723452
21.5,76.5,26.777594860950398,7.370800803808097
28.5,-80.5,24.071824259790667,4.275909469191783
-24.5,-65.5,13.636963960652778,6.211574572478114
25.5,89.5,24.352078518861504,5.787515665812594
35.5,-89.5,14.886714403661161,10.167362876530706
66.5,-118.5,-8.711977343068355,14.078245586605842
-36.5,-72.5,8.873163702239792,4.91819745757077
48.5,16.5,9.735414479095619,9.783146703467047
53.5,-2.5,10.478467849747075,5.6746712056754856
-31.5,116.5,18.682544041271107,6.564999546002563
34.5,-98.5,15.855032796614793,10.253093100444696
9.5,-82.5,25.74100760931772,3.2077100791607833
41.5,-11.5,4.2464977645305275,6.31714986516046
-33.5,151.5,17.71562187685901,5.222949068872959
47.5,-119.5,9.950239784575782,10.76748026785661
61.5,-46.5,1.8809454472460148,6.274225429148406
34.5,-91.5,15.323791937673906,9.843397300694855
-27.5,152.5,19.605470184841096,6.448430821436982
23.5,72.5,27.437238922807325,6.657448216242231
59.5,-146.5,6.879318418314264,4.258670100333855
29.5,-94.5,18.62329965799372,7.201364387136142
-37.5,147.5,14.247463881316966,5.797500140110467
31.5,-98.5,15.438108592968268,8.444421337371733
-26.5,-48.5,20.79248883013634,3.907981970962047
42.5,-99.5,9.437383360485457,12.115343615911073
38.5,-96.5,14.13468542290004,11.608791062014639
43.5,10.5,12.736195101097682,6.109568874523564
41.5,-111.5,10.027535133217045,10.873329120088433
50.5,-64.5,1.3204597530656883,11.023225733261063
23.5,103.5,22.562430478309164,3.9823670846205963
32.5,111.5,4.612121212121214,4.498367217299103
33.5,-117.5,16.111080864889818,6.601655798977403
-8.5,-36.5,23.536902286902272,3.6261848928040505
45.5,-122.5,9.614575977807714,7.297865797467413
42.5,9.5,14.441073195759136,6.345127143813397
35.5,135.5,10.986217948717965,3.3768398295669075
64.5,-139.5,-3.434453119647935,16.50746100230685
-12.5,130.5,27.172668203482925,3.3343122910193945
73.5,-85.5,-14.1759805500486,15.401149849717147
47.5,-109.5,8.305605748411251,10.214247868241305
55.5,-116.5,-1.1086393989983314,3.8691327579982775
4.5,-7.5,26.317578838600923,2.032336614574055
14.5,-17.5,24.800332206695455,3.5684624144110626
35.5,-79.5,16.198400579057285,10.065857880226165
-26.5,-52.5,16.486829909091295,4.986578273975628
52.5,0.5,8.325629781860712,6.246863244746048
61.5,-129.5,-3.640999600441038,14.063589282767595
-15.5,167.5,25.910629719936125,2.1137451591369754
34.5,-97.5,18.38186298904939,10.15295970105921
21.5,-159.5,25.725931558935642,2.5393040772684556
-23.5,-45.5,22.045749686524402,3.765975588641778
-11.5,-68.5,25.468858693289974,3.5091755013902146
50.5,12.5,6.902153615870112,9.200135218353067
51.5,4.5,7.582969907356226,8.521035996898084
40.5,-99.5,11.389741717745956,11.858222315926188
30.5,-96.5,20.792105900712716,8.381186587200478
0.5,-176.5,27.593894789366306,1.4960080402189582
-39.5,-73.5,11.001124587231047,3.870963522242095
41.5,14.5,14.882033556876813,7.335778783074315
17.5,75.5,27.49307511737085,6.3146578104528155
58.5,-124.5,-0.33996805517698764,10.036237684534406
61.5,-139.5,0.8345015328286802,12.3451749974647
33.5,70.5,15.149766930172571,9.505540405887405
41.5,15.5,13.924438220915585,7.435992270988169
40.5,-100.5,11.464748386672156,12.028759232573536
52.5,175.5,3.396669856459345,3.802224958764119
-32.5,133.5,17.018441118571307,6.97826846712782
61.5,-113.5,-6.665612243280573,15.771811770478068
26.5,80.5,26.598066984273967,7.457596299253044
11.5,76.5,20.39499194926623,7.132908480505026
27.5,-81.5,23.04170310252932,6.066829168210632
-32.5,151.5,19.238002193289326,6.027359772154412
54.5,7.5,5.1553071070769345,7.482486782439284
32.5,48.5,22.136531884729177,11.139566387973954
-17.5,145.5,22.512505967411997,4.745457087908431
61.5,-118.5,1.192205882352948,15.91722654913335
-14.5,-67.5,26.99542857142858,3.2113693944725905
53.5,21.5,2.788758256700976,10.925889629778956
30.5,75.5,19.591761979517095,9.4308889624065
25.5,68.5,28.212908730827717,7.488255355615428
32.5,34.5,19.454484099664455,6.829640034524065
-23.5,-64.5,23.826158125221916,8.334257392752072
53.5,10.5,8.041291311845997,8.445496639251637
10.5,79.5,28.128182130733627,2.947070166524628
26.5,112.5,16.976930608066873,8.139725226127386
-30.5,128.5,16.526585543369553,7.542636805228607
-14.5,-42.5,19.694755244755235,2.279887331746024
30.5,-90.5,19.036130216128768,7.416268158796524
-8.5,-34.5,26.067281445234507,2.1522169315979403
-20.5,-40.5,24.0283616808879,3.138426879971621
39.5,-121.5,17.933845234191836,8.831551462229926
42.5,-85.5,6.210644771307267,11.205705094312172
70.5,-21.5,-6.641435836871365,8.424508867246812
-33.5,-71.5,12.505031206519579,2.6602529093951266
50.5,20.5,5.08282258756605,10.771524782587228
27.5,88.5,11.716979965899395,4.743369990571963
35.5,24.5,20.03354024415477,6.80698587306966
35.5,-121.5,12.912831471114247,3.108108993737625
22.5,85.5,23.252601294653566,6.2496811335767894
63.5,-51.5,-1.6225684081560037,6.411949575945128
42.5,-112.5,5.663869141451965,10.142818956513562
34.5,-77.5,18.45189720399562,8.734688395690236
-34.5,150.5,19.691846675137647,5.704613262342252
-8.5,151.5,26.359145952836013,2.365059453315652
-24.5,113.5,23.34357284113375,5.335560596492188
-25.5,-49.5,16.20806536356666,4.277669613889669
-27.5,-50.5,15.538554216867475,5.155723563178177
-17.5,-66.5,18.069731892807795,5.562926536292172
43.5,5.5,12.564865334710369,7.262840181384296
13.5,-60.5,27.359817160640137,1.9639176969311598
-20.5,-41.5,22.946938775510205,3.7758362793554103
38.5,-77.5,14.103797029877919,10.242262907593313
30.5,-104.5,15.635447984735858,9.278812754138649
41.5,-92.5,11.193313335833011,11.20638896517217
53.5,-113.5,0.4679268242452437,11.841589783372356
49.5,5.5,5.967708666674569,8.326797865557692
31.5,-81.5,21.5877968514073,7.167640520549663
22.5,97.5,23.376143699130044,4.678448933918312
46.5,15.5,7.754645179094323,9.658884591948354
55.5,-4.5,9.87508200958797,4.942959420730897
36.5,-99.5,7.992224278687071,12.16971836633372
30.5,78.5,19.02282365711186,8.474832908537717
60.5,25.5,3.9706666666666646,11.047811527879858
54.5,16.5,6.897424158735799,9.153669500738252
52.5,-168.5,4.440716255424108,3.967481782634694
-2.5,-41.5,27.890647247105083,2.8473001388665375
54.5,18.5,7.73844583164325,8.97732558230812
-33.5,150.5,18.08355378022694,7.092042316127163
43.5,20.5,12.045290070702503,9.556413447790375
-9.5,-35.5,26.10921270751035,2.058937232354282
32.5,-96.5,17.879698183423642,9.460678068814598
29.5,-95.5,20.938491471801054,7.6785577666239035
-26.5,-60.5,18.756580135656442,6.64473718293778
40.5,18.5,11.723291814316454,6.583221035717202
-32.5,-71.5,11.927864018334606,3.379275212926916
19.5,75.5,26.378325150669422,6.197344060706451
33.5,73.5,18.109958592132493,10.915400593068497
5.5,119.5,28.013472935598536,2.741725136799547
31.5,-85.5,18.04470311466045,8.12465474457868
45.5,10.5,22.08893617021277,5.624392632568192
24.5,109.5,22.909072592218767,7.464539094437646
30.5,31.5,20.670261297269082,6.425842578982204
28.5,77.5,24.66842388363692,8.243674052530517
29.5,-83.5,12.833660591698173,6.491777496211259
50.5,17.5,5.865838664057097,9.250942519156503
19.5,82.5,25.07008173820378,5.7814328736587095
-17.5,-67.5,12.052243785153099,6.408115228457202
-19.5,-47.5,22.208681683909365,3.164629538359193
30.5,103.5,5.056950672645733,4.451633478495772
-27.5,-48.5,20.862783648589684,3.8702534565713633
17.5,-61.5,26.67194989384032,1.6512616667497824
10.5,-74.5,27.34802905521322,2.482790393149294
58.5,-122.5,-2.9308005684064824,14.961993544777544
28.5,-97.5,22.803218510276423,7.416405281183832
20.5,86.5,26.570548123232157,4.754921928907885
30.5,-9.5,20.75371142618833,4.605782073715947
23.5,-75.5,27.084723422644903,2.1125376823499415
49.5,17.5,7.849666000099709,9.836122655091492
63.5,-123.5,-1.1219803534830108,16.458616672872378
74.5,-20.5,-11.295238095238096,9.120001571821081
-4.5,-81.5,23.743100368746553,3.6148560721427594
-22.5,-47.5,20.2757453236761,3.6755856535731932
29.5,75.5,24.932885493447667,9.972986247860147
47.5,-52.5,5.4641791871416805,7.674848957038619
53.5,9.5,8.594663639463421,8.515071188582525
38.5,-103.5,8.984348156916706,10.736791298891404
27.5,-8.5,22.564534605880667,9.743577202799457
49.5,-113.5,2.938206710657022,12.779481182095108
-11.5,-43.5,25.25267182885868,1.975411213037778
21.5,90.5,30.31791044776119,1.761426026423235
28.5,79.5,24.434754982898934,8.377319256937565
32.5,-79.5,22.529314853556347,5.03850871118359
40.5,-80.5,6.1371944121070765,11.634668630047216
49.5,25.5,0.2522325870646773,9.449183609508363
-37.5,140.5,13.891306334272265,5.741583737081439
28.5,-100.5,19.359806626176635,8.214252813262846
61.5,-137.5,-7.236473052996143,15.308040578958842
-17.5,-44.5,21.649657082563962,3.684343947663283
33.5,-120.5,13.06503243367965,5.253100725239453
68.5,-134.5,-8.428311971653898,16.511605432299223
39.5,-76.5,12.768933034880762,10.438823127184742
24.5,76.5,25.859497305415683,8.185241779258941
30.5,-82.5,22.061053896327014,7.028296653516212
54.5,17.5,3.7703984110099023,10.009658812322108
32.5,107.5,20.57903677058352,7.465875083259943
30.5,-86.5,19.94110926463244,8.021718793683462
-26.5,118.5,22.664053731497162,8.394051813022507
-22.5,-65.5,4.815664413397967,6.490032815294143
50.5,4.5,9.11619843153361,8.537839315642506
60.5,-112.5,-1.5250926220584682,15.805749970007941
-25.5,-48.5,20.946232101787178,4.096170866866425
1.5,-157.5,27.48205434290898,2.0056450440951843
-4.5,-43.5,26.607538946704523,2.0072158256490087
32.5,-106.5,16.010115828852285,9.699131485020517
-17.5,-41.5,22.027488281214982,3.111052996524965
22.5,78.5,19.321337313816144,5.9821416551013735
-21.5,165.5,22.835981308411306,3.8689864063768593
23.5,86.5,27.857810121808463,6.3013100590297455
31.5,-100.5,19.148008361477796,9.547824292771734
18.5,121.5,27.339748549322934,2.646138081296719
33.5,-104.5,16.417587610776117,10.465247445001383
66.5,-128.5,-5.865515832693065,18.724592417237474
62.5,-164.5,7.151069599276929,7.795971907092269
33.5,-84.5,16.954040495617864,8.922231317830581
25.5,32.5,22.399550155233726,9.12838462083178
-5.5,-42.5,26.55972362150247,1.8844345483589902
20.5,74.5,26.309070170692088,7.2788166715947895
39.5,-94.5,12.032992305429534,11.57489902607137
34.5,-99.5,17.33362787791148,10.761789620377819
44.5,-68.5,2.1107999953288177,11.233219920151836
27.5,-80.5,23.457287373548112,4.877563401797215
18.5,84.5,26.77529299430256,3.6318743316996014
51.5,12.5,9.011527556046238,9.277690041409041
26.5,114.5,12.714919789888732,8.116030383953998
43.5,-70.5,14.551195172893857,7.618963929482453
-29.5,-71.5,13.590911249764247,2.993415024177021
67.5,-150.5,-4.783885955649387,14.727841448332768
-16.5,-151.5,26.75978200584819,1.6933454239054557
36.5,109.5,5.692914486740035,11.188149344228298
52.5,-169.5,4.3471797180713185,4.325179857859009
5.5,-0.5,26.417988021276045,2.8964974594272115
53.5,8.5,6.074338437077083,8.451728146427564
26.5,-81.5,23.15322328162765,5.993257768265153
25.5,97.5,24.117774948682555,5.312366454514856
-42.5,147.5,12.176954318953676,4.936155210765019
22.5,69.5,25.5921596922576,4.238030515068368
53.5,-60.5,-2.3614781713087387,11.877140884271741
26.5,96.5,21.66553633480477,5.995381129898978
56.5,-158.5,2.9969600797940883,8.309737671724521
8.5,-82.5,26.119478553317137,3.3611529940914857
36.5,7.5,20.965373922093384,6.209555266452912
32.5,-101.5,13.451811137821977,9.34654639611012
39.5,-119.5,9.747833692367788,9.997415855125556
-34.5,-71.5,10.546943784540847,4.469608804495028
54.5,9.5,7.698962378457995,8.117127753568667
37.5,-100.5,14.391364175374205,11.626591817444778
29.5,-85.5,22.089918399579126,6.2593328869969564
16.5,75.5,26.67623620228983,5.736083472993917
35.5,10.5,26.165049140049106,5.875588803997097
65.5,-36.5,-2.1733528070735897,6.712868605415462
-19.5,-43.5,20.359987546517957,3.0604872979140056
27.5,103.5,3.5705691056910602,6.812995389708092
-35.5,-63.5,13.290924765688203,7.5427389835344965
31.5,27.5,17.223837209302317,5.460484960997185
48.5,6.5,-0.6486867426993808,5.104930401474547
1.5,-77.5,28.309242525257687,4.4331125391271735
36.5,9.5,23.413821578448925,6.968350376810648
-9.5,150.5,26.100684931506834,2.2674738999675736
35.5,-101.5,11.086547407398786,10.576901446522571
38.5,-95.5,11.219951036017378,11.19870924567653
31.5,74.5,24.200245912823455,10.38680896195409
39.5,-118.5,15.211360772784541,10.241889215587696
6.5,-10.5,25.60106359518776,2.863163088081964
61.5,-42.5,-1.397512116438542,4.9899437516488225
33.5,-116.5,22.90793995689299,9.834010678474389
20.5,-75.5,28.11587813618792,3.2635643333735245
-35.5,145.5,16.058792687846267,7.51433237217238
-17.5,-46.5,22.028850030358225,3.231338761165296
-35.5,-69.5,8.16153704121417,8.345008049957073
31.5,121.5,9.951380670611462,5.702343290354049
-6.5,149.5,26.12108739996882,2.0918229412124894
38.5,-98.5,12.868046029880153,11.810480338922279
-3.5,-60.5,25.68721573406452,1.9463573850081715
47.5,-117.5,8.881778874864432,9.534895135714946
-37.5,-72.5,10.102631578947365,4.547497104660718
55.5,7.5,8.491220186840474,8.419404415044946
41.5,-87.5,5.6162696927390225,8.890936433680892
60.5,-99.5,-6.220781893004127,17.905969537214503
-8.5,178.5,27.855854169984596,1.633630868641318
52.5,12.5,8.733861901347753,9.387233983025677
28.5,112.5,15.404462151394426,5.8538450612870285
40.5,16.5,13.001225738509852,8.304209747569379
-2.5,-79.5,19.81379701230707,6.001291883201708
14.5,78.5,29.761601807241394,5.0113391533111145
30.5,107.5,20.768360240582638,6.793641064478059
10.5,122.5,27.117581837380936,2.29877205695175
23.5,113.5,15.90133689839578,4.003116877729785
51.5,-178.5,4.499464257011484,3.626671485389928
49.5,8.5,7.698654668886583,8.323653237565907
24.5,80.5,25.491406230837832,8.035482779452915
19.5,84.5,26.525357142857075,3.4553973408898226
15.5,76.5,27.857597902915177,5.1368932508061915
32.5,13.5,22.873494859371206,8.297921120237035
19.5,72.5,26.22885086367272,3.875616387425452
25.5,99.5,17.70526479361092,5.746665093943919
29.5,-98.5,20.53832229187534,8.360652668686006
-16.5,49.5,21.142244395171222,3.0107553100867266
52.5,13.5,8.230458300154888,9.229364158117413
-32.5,141.5,25.0,0.6000000000000114
48.5,11.5,7.726039130813104,9.313774736445986
40.5,-114.5,11.948040146735812,11.008253127972075
-16.5,178.5,27.147416147070395,2.8038242208299247
60.5,-149.5,5.383050847457653,7.306316109990592
53.5,13.5,8.176887393299113,9.076974935899552
48.5,3.5,8.560327558280981,7.452473976908383
32.5,-115.5,25.020369466145738,9.465402373040153
51.5,21.5,6.066325254250351,10.61564976829792
-5.5,145.5,26.825456488579846,3.436391404109963
50.5,15.5,6.709954287283872,9.723652466332545
26.5,107.5,21.807774869110055,6.457225732366426
40.5,-96.5,9.314771450974566,11.84795389013983
47.5,14.5,7.550007871240672,9.874483270000823
22.5,86.5,25.36659789995083,6.053572025373619
46.5,-123.5,11.241530054644894,4.4235871714500234
26.5,100.5,12.80994315282887,5.914956212719802
39.5,-85.5,12.304428008590216,11.08775505710579
33.5,-88.5,18.0783891747194,9.482623789993992
40.5,-74.5,11.823722735759237,10.211241064262255
-28.5,-49.5,19.21267538616169,4.5298871809109835
2.5,129.5,26.61151403316008,2.6316454126483673
-14.5,-64.5,26.97494077732803,3.5588460557168506
19.5,-75.5,26.344109173616385,2.6540094731810018
54.5,21.5,-1.2291855203619921,11.581125765540042
67.5,14.5,3.7197674418604634,8.013103170840564
29.5,72.5,26.032657372626105,10.617181038253324
30.5,-84.5,18.258565169947545,8.86704517800955
17.5,-64.5,26.69743545335738,2.2237530283014246
13.5,123.5,27.125893738890518,2.397163844113784
24.5,84.5,23.751642923577595,7.784728477863464
28.5,71.5,24.07759679206798,10.44796471782718
44.5,11.5,3.8964055238698885,4.87086072601008
40.5,-98.5,10.25877006397384,11.701381335194714
37.5,-98.5,13.001549320128317,11.681241451889518
37.5,-120.5,16.390574976122842,8.319138082744141
20.5,88.5,27.16787921289798,3.0597348467404135
37.5,-85.5,15.960713799209879,9.555873089926877
26.5,-97.5,23.41449114436796,6.4839932025511375
22.5,-82.5,24.805345327723753,4.130691587269303
37.5,-118.5,4.799337974337975,6.130434785270389
31.5,77.5,13.440321138989987,6.686271129474615
31.5,70.5,25.04816703350454,10.776597718727237
10.5,77.5,13.875204187767464,2.2383283224224764
25.5,79.5,20.885530085959882,8.705679720130698
34.5,108.5,21.432159153130193,8.097155009479259
32.5,-90.5,17.17262341443802,8.873512914798455
38.5,-87.5,12.990390311854163,11.397520861714067
58.5,21.5,1.1509596900156207,9.306116456206235
-8.5,157.5,27.057400724005948,2.040969825850575
18.5,120.5,27.407387076537432,3.1621532216171313
16.5,-169.5,26.938700865079205,1.5071636135626312
36.5,10.5,19.263896523462385,7.532464130872934
42.5,-72.5,10.349533297214927,11.039578667196894
65.5,-40.5,-4.805275598762276,6.052310114889192
29.5,77.5,22.652512208836814,8.873801689823301
33.5,-118.5,16.0584537489739,4.558996339964717
41.5,-103.5,9.816155061464201,11.986877116971984
-53.5,-70.5,6.362851464979709,3.472066807903414
37.5,14.5,24.90430528375726,4.619987743305584
-23.5,-70.5,17.7079770364651,3.449364067392338
26.5,91.5,25.562228276659194,4.816343017140773
26.5,111.5,19.062960363169402,8.877921520169492
24.5,87.5,23.7394657746752,5.844472788318587
37.5,126.5,6.532054176072216,7.876664513715565
40.5,-122.5,17.51810572687219,8.652525944619168
-27.5,-58.5,19.789703254149288,6.238379101815993
20.5,58.5,26.034925925302307,3.5761528438509584
63.5,-18.5,4.768068814681646,4.443298209047956
9.5,-79.5,26.813349629462678,2.7718309845485516
31.5,-106.5,18.15034393902375,9.26645261012912
20.5,92.5,26.629373368146226,3.6850099341541998
52.5,15.5,6.7922580645161315,9.185146041537319
11.5,78.5,27.88518473934261,5.008608640706186
-7.5,-47.5,25.917710822981842,1.8595982159114153
38.5,-117.5,10.06381648248077,10.240161409178219
33.5,-80.5,16.602948057730142,8.878861958425375
29.5,-90.5,20.75881650750328,6.299529316456536
19.5,76.5,26.97091600447996,7.072130453972003
24.5,93.5,16.880284622836015,7.4567407563758845
52.5,-108.5,3.1442885029169436,14.339127819022393
52.5,19.5,7.186409170891489,10.620311967455084
35.5,-91.5,16.228977986380876,10.538320822610123
37.5,-76.5,15.519040565909512,9.638078929855158
-43.5,-74.5,9.871316409835355,2.5336308303822728
42.5,-71.5,8.432779477905529,10.804840316066308
60.5,-115.5,-2.603449539026097,14.745812449747865
-2.5,-81.5,22.904593196815473,2.376161260932552
39.5,8.5,13.703947793717631,7.025868079193441
28.5,73.5,25.83418608498247,10.309431034739788
8.5,81.5,27.287719298245648,2.5818985381989594
35.5,-99.5,15.749372489959768,9.909636126540569
-20.5,140.5,25.040521330874224,7.459828000174451
19.5,-155.5,23.057116121233005,2.9392633870011617
18.5,-69.5,24.900975391723204,3.102900567347253
22.5,-159.5,24.48888696773278,3.512402871038799
67.5,-62.5,-11.336411050714231,11.80226709021165
12.5,8.5,26.803599154985978,5.644869209392734
-31.5,-64.5,14.664622618785563,7.0984646528282225
-21.5,-64.5,22.46678206477982,4.267359045990544
54.5,12.5,8.11286967766323,8.339443101864376
16.5,79.5,29.539017492711366,5.692525898461178
34.5,-120.5,12.836425734871659,3.030415095978103
47.5,-110.5,9.478191191895739,11.453995301354462
48.5,17.5,9.777251853942536,9.59779130582372
25.5,85.5,26.275865642970892,6.76816027346524
31.5,61.5,17.297182539682538,10.055763766072673
32.5,-103.5,14.815049775041203,10.198404719262818
59.5,-124.5,2.6497842968075953,11.325653207417986
35.5,-77.5,16.805960517156493,8.81380113137186
43.5,6.5,26.436968085106404,3.6857388126026502
32.5,-99.5,14.25391154241099,10.284270906769395
-8.5,140.5,26.33615071347064,2.808277692259754
25.5,78.5,26.29107811299746,8.545555268655146
49.5,16.5,7.861448728158854,9.350234961277085
24.5,73.5,17.75,19.450000000000003
65.5,-163.5,0.39983971504895705,9.685140686013723
6.5,-58.5,25.467166468425358,3.0350322910866385
68.5,-166.5,-7.436669652481464,10.453691164607008
37.5,-77.5,13.62543757145101,9.95849561703463
15.5,74.5,23.32955635491613,4.812757934242457
35.5,23.5,18.32780610932063,6.160263656647833
32.5,-86.5,18.835876106835848,8.925756768149839
-7.5,155.5,27.29160377358485,1.9206699090711479
18.5,78.5,27.305922521711985,6.433811765347124
-6.5,140.5,26.53251307969427,3.4199585559341297
48.5,12.5,7.182777953055774,9.210061208744623
15.5,73.5,27.02595565954116,2.2402474229476517
58.5,-94.5,-6.718984068278068,14.963292716726798
36.5,-115.5,21.407838104555236,10.633899147127147
0.5,-79.5,26.976441922911107,2.507244350081221
28.5,68.5,27.08587731811699,10.257796185123492
-15.5,145.5,25.940762117937236,3.402930507375397
37.5,9.5,19.80167124579262,8.30064366714472
37.5,-99.5,13.26397033323133,11.508648014086816
35.5,-86.5,15.317413879671443,9.670546864653287
20.5,-156.5,24.604210859585788,2.5494746124648815
3.5,-159.5,27.336934905074514,1.8095164812475566
-47.5,-74.5,8.459135442144314,3.0167987776724674
49.5,13.5,7.1595645247178155,9.246608516388134
65.5,14.5,1.0065290446471367,11.811083982902334
41.5,13.5,20.543689320388346,4.9323514922685945
17.5,80.5,28.814869327083635,5.644158534223429
56.5,-94.5,-3.4206081723678294,14.639427131050807
-10.5,150.5,25.83980376856848,2.9278739763047086
34.5,74.5,13.673531273452562,9.815240372513951
44.5,-85.5,11.010871647509568,9.480258859993764
33.5,-4.5,14.368910609675098,7.93687479577157
21.5,-77.5,24.79711146316785,4.326486621582445
30.5,-87.5,21.594356985762488,6.7363870689218315
39.5,21.5,14.876696832579182,8.602634287873402
-17.5,122.5,27.034796370365164,4.975090165167319
-17.5,168.5,23.5180961947708,3.541788747165677
49.5,4.5,8.072384478622576,8.973123175105451
27.5,79.5,25.30492686771778,9.04115690450853
31.5,73.5,19.272802706552707,9.853483518227494
55.5,-125.5,0.7068601403229625,9.273083344942448
-27.5,-70.5,15.074996527405125,3.28949540770872
12.5,74.5,27.03005411255412,2.5214770396976625
58.5,-62.5,-3.839641271660721,9.304928592779213
18.5,-155.5,26.120275403609032,2.1783319807930552
-23.5,144.5,24.404758833837782,7.874981813968061
50.5,132.5,-40.0,0.0
62.5,-6.5,7.112900690854059,3.69902271908936
8.5,-78.5,26.931774648021616,1.9271726624904602
43.5,13.5,20.141176470588242,5.943050551877901
24.5,104.5,20.29396551724117,3.2719187170186355
-5.5,-45.5,25.57606837606839,1.707966063800621
34.5,-103.5,14.688675949230102,10.391468632304917
33.5,71.5,15.83312597776863,7.70952683288743
-13.5,-176.5,27.3593383526716,2.223533031035085
69.5,-105.5,-14.802179861820047,15.529028829138069
23.5,58.5,27.760560123329903,4.431163445884211
62.5,-69.5,-8.645823866075016,11.752345933983465
34.5,-3.5,16.51419999999998,5.2458134126175375
-3.5,-38.5,26.76772483555837,2.1517985826868458
10.5,139.5,27.827223880597135,1.702354575030742
15.5,39.5,18.70087537800395,4.496483234824424
25.5,100.5,16.717763288327504,5.572160230231953
21.5,-157.5,24.57671415691232,2.7472124828233087
-9.5,-40.5,25.53437384044527,2.4355555185603737
40.5,-79.5,10.841348134584587,10.96141253512886
50.5,11.5,6.988297298553266,9.211797476081383
53.5,14.5,5.448890785306283,10.037169280525061
-9.5,-37.5,26.151902079174818,2.5035930292703905
34.5,-114.5,19.649220788913297,10.78854192430312
22.5,79.5,24.951739026336742,6.676354088807091
51.5,11.5,8.66407620647744,9.201675411434804
35.5,8.5,15.187105500450887,6.314347783013412
8.5,-73.5,27.67729273304227,1.765541122669124
25.5,103.5,15.60777372787593,6.37508104022445
49.5,7.5,17.078941398865787,10.772069130836293
26.5,92.5,23.875212696830705,5.834242307430368
33.5,-81.5,18.714065232776683,9.231078238045521
24.5,72.5,23.986004847633367,7.83911927301846
23.5,94.5,18.807692307692307,7.606585696395429
25.5,110.5,20.74219481017005,7.9137993871412915
60.5,-131.5,-2.1829343537632186,10.616131969817301
19.5,-72.5,26.717235260210746,3.1943179243980753
57.5,-170.5,0.5886471764339016,5.321191826860254
44.5,-123.5,10.077976145966783,6.809068956672908
-7.5,147.5,27.79470211282269,2.7354204796498833
-1.5,138.5,27.05819419494034,2.083941557445307
65.5,-165.5,-4.105213053244212,12.973445970703763
-18.5,-64.5,18.262623202000306,4.105011959846671
28.5,-96.5,20.14025635821989,7.439505115004943
39.5,-82.5,11.484939774883514,10.98496718593067
56.5,-111.5,3.5686615757945317,12.856512472466742
34.5,77.5,3.907574306687374,11.122509885834683
35.5,-100.5,14.560060031494805,10.826269992945269
53.5,-0.5,9.492795958731785,5.879366697951062
0.5,134.5,28.31544924540096,1.6122888595712146
35.5,-120.5,11.147518743670954,5.1198096951261425
36.5,-97.5,14.784562576808746,11.180279261311824
26.5,74.5,24.9154137744302,8.087553835652077
-32.5,-68.5,12.977209638934832,7.707939648248925
41.5,16.5,14.895728190003624,7.380858966968562
-18.5,-70.5,18.0176164429945,2.8846895890127673
-33.5,-53.5,17.9457018045947,4.92044486624429
40.5,14.5,16.787316366628442,7.250860725594452
51.5,17.5,6.629562152703702,10.06148034178724
27.5,-97.5,23.702709359605713,5.6677202048096715
66.5,-151.5,-4.661782846503013,14.059732381957005
39.5,-96.5,12.665315320570517,11.817879439779036
31.5,-97.5,20.235994835157776,9.028295903834119
24.5,68.5,26.024945157189848,8.514142986956447
72.5,-78.5,-14.999304446397383,14.9140709633173
9.5,76.5,27.3726761439207,2.039186516393188
52.5,-122.5,-4.430458680818782,15.642976605346993
23.5,89.5,24.062090455840412,5.495508167649024
-51.5,-72.5,6.654124867148821,5.065224606941902
12.5,44.5,28.143506290282584,3.7621368036549274
48.5,9.5,8.917473455786125,8.906814508859162
38.5,-122.5,14.066438259817028,6.078907300952879
21.5,88.5,26.556102377536597,3.6882238817021116
59.5,150.5,-21.1,0.0
25.5,87.5,22.441401178508407,6.489161082071713
31.5,130.5,14.94934184284001,6.762646602936318
32.5,-83.5,16.479113643091104,9.024684290054083
9.5,118.5,26.962787527688647,2.6721235243701007
6.5,-11.5,26.70813650023818,2.903194564601688
33.5,-119.5,14.27752842848733,3.242010367443796
58.5,-78.5,-6.897439088689792,12.675489509384835
12.5,-86.5,26.639267716449275,3.48151370947597
28.5,105.5,24.64654873395749,4.644200660822728
35.5,75.5,7.204246947462753,9.945797042098429
21.5,109.5,29.094132653061195,2.7976194805430596
-8.5,179.5,28.581084489281324,1.80322424223128
49.5,12.5,5.34297315310157,8.759230381942837
15.5,145.5,27.793654934395498,1.7223628533483748
17.5,83.5,27.40814281204902,3.0710441749781556
28.5,70.5,26.425463863625318,11.060763236151747
63.5,-77.5,-8.830416994029525,11.23335176846016
55.5,-117.5,4.883008147148094,11.916260179875193
40.5,-88.5,11.246381898063937,11.693114411160405
42.5,141.5,-0.8041468388851096,6.257649823068249
48.5,14.5,7.572794167347558,8.766056140774134
49.5,6.5,9.266964431982766,8.15187288918108
50.5,18.5,5.219882284253546,10.500195825658746
47.5,6.5,11.541960183767225,8.383137772587716
26.5,-80.5,22.90400948476562,5.120686174398162
27.5,-99.5,20.824867396242094,8.089388947777127
53.5,7.5,7.644095970182752,8.215728715432896
44.5,6.5,10.563658493248045,6.897059956738189
38.5,-89.5,13.382994492708146,11.178315721198816
-27.5,-55.5,19.329137798790633,5.982749993271262
-34.5,-60.5,13.801779286184063,6.867484215345945
-18.5,-159.5,26.179117335441617,2.2049067809279927
30.5,67.5,17.034654064858803,10.414631701670334
40.5,-73.5,11.441209759284884,10.082761616234752
64.5,-161.5,-0.571186610580611,11.975590127140194
-52.5,-68.5,5.890474671111919,4.002692119437109
52.5,11.5,7.755132311448426,8.813480987289672
18.5,-67.5,25.229689545519182,2.3269385177157584
39.5,116.5,3.613469735720384,6.568738590103254
-35.5,147.5,17.533351390607148,8.028991450772734
22.5,92.5,24.70972515856238,5.656983236009827
33.5,-82.5,17.59120064005399,8.838803830199641
51.5,-62.5,-5.087823018751682,13.078021527704855
-29.5,-66.5,16.708490028372175,7.0539294801764685
31.5,-102.5,17.31078889386855,9.699815630860321
2.5,-50.5,26.243602221042547,3.0104320504152176
-30.5,-51.5,19.914118285728453,5.017939274267356
-20.5,-70.5,17.961467456596928,2.4272518293028074
32.5,-64.5,21.39495739695112,4.111651324631001
7.5,151.5,26.27777777777778,0.7420359047583889
39.5,-84.5,11.725650793666887,11.296221452498749
55.5,-162.5,3.97599702959623,6.022570517517622
-9.5,-158.5,28.370577323332395,1.5149775010636597
15.5,38.5,15.776049952588503,5.244196245662632
-18.5,-59.5,26.813407750422385,5.252456446332662
-29.5,-57.5,18.388398186801886,6.148118649227432
62.5,-141.5,-4.662564514279129,15.5859982756215
49.5,11.5,8.865950549653915,9.268079807774054
48.5,4.5,8.411499239766753,7.746503451203149
41.5,12.5,16.42268366668685,8.253271398266643
51.5,15.5,6.798989453676861,9.868222609134945
25.5,63.5,24.893659167174164,5.513966221817509
49.5,2.5,8.560727960788638,8.150083759747446
27.5,110.5,27.48789473684212,3.4430419214888928
34.5,75.5,2.0109816767870434,14.154068496255112
42.5,-78.5,5.8259997719500705,10.498405726861751
42.5,-102.5,5.636652786440597,11.672623156536835
30.5,23.5,17.648451704545458,6.755663832289314
41.5,8.5,21.154121306376215,5.3975711055160875
44.5,-93.5,7.924471579991326,12.246568210725103
50.5,19.5,5.197729135923916,11.061752946879622
10.5,-61.5,25.749587629023388,2.6539520114550457
-27.5,153.5,19.769308209999828,5.99009436077132
78.5,13.5,-10.813901515151514,8.868108502637043
36.5,-89.5,16.126206749461662,10.566511890152197
-16.5,-47.5,20.221466512144477,2.4792277893148458
38.5,-123.5,11.09170775709043,3.347177173978174
46.5,-60.5,3.117780400891262,9.999416296163407
41.5,-71.5,7.507703701021519,9.771867333964146
11.5,-15.5,5.917699910152753,3.475559811510562
-45.5,-72.5,8.701692116368765,4.265413917668934
23.5,91.5,25.210347043701777,7.000145215744838
-22.5,-48.5,19.199558999226934,4.9713723272624435
71.5,-94.5,-12.43796702042377,13.073695375730443
35.5,-80.5,16.815294244174456,9.43388199649496
-16.5,-71.5,16.166907501627552,3.8792648123404287
32.5,70.5,17.227705997074594,9.331105300920564
64.5,-21.5,5.543357628860577,5.25445996582214
49.5,19.5,0.30980424715180854,9.41735873433139
50.5,1.5,8.848366487688727,7.581154439798346
41.5,-93.5,9.163840513290548,11.956110963650284
4.5,-52.5,25.71396142415721,2.7460767159894464
-24.5,-62.5,18.635961626120213,6.657998412708156
43.5,-76.5,7.425081333127774,11.134288145314654
51.5,-176.5,4.037229850150755,4.043674190585615
52.5,20.5,7.615725806451623,10.164777235502843
26.5,106.5,5.99045454545455,7.247116444703045
13.5,25.5,26.27053424838792,6.868155843703251
29.5,-82.5,15.799538839591376,7.829161303214949
32.5,-93.5,18.911745635187465,9.059344614438709
63.5,-135.5,-1.5217455721740198,16.317365225722046
50.5,21.5,7.693190991551734,10.472798614814314
-34.5,138.5,17.093963778648096,6.721293734971906
40.5,21.5,6.352016129032258,5.1733338411509715
-15.5,-53.5,21.50764688610525,3.0977685773157186
20.5,-74.5,26.071254829376972,3.416290542620458
27.5,-82.5,22.76623117043872,6.212828253626788
-31.5,-58.5,16.72489176381827,6.54450046120996
39.5,-123.5,10.951406135095338,3.7071353258483937
36.5,11.5,24.584492307692262,4.043714149994616
59.5,-139.5,5.239997869880675,6.499749901093717
13.5,121.5,26.993550834597706,2.4560175368270465
25.5,114.5,7.388892363396972,4.2210590406775585
9.5,-84.5,22.408012134183274,4.0091486626695
46.5,12.5,8.364867963269264,9.736635019172018
39.5,-74.5,13.661409647588156,9.366473066633144
32.5,-81.5,19.449023765161243,8.134940165188816
1.5,-78.5,27.566631964538338,2.6397043404963685
33.5,-7.5,16.813247598578286,5.081242694291126
60.5,11.5,6.213349640658416,9.90966359860144
55.5,21.5,6.09351016088655,9.519298713391917
60.5,-111.5,-0.09804771427214032,13.01861603935778
-38.5,-57.5,13.241059422764488,5.885900090847022
47.5,11.5,8.160299389581118,9.346652524580783
69.5,18.5,0.8791824694479551,10.705204133456558
23.5,90.5,25.01346503154247,5.716657917705793
69.5,29.5,-0.5700807265388466,10.33484489797141
14.5,74.5,26.918523809326913,3.0626449579659205
44.5,20.5,19.11908083709473,6.899415767463907
59.5,-97.5,-6.539261110464,15.19932559484926
35.5,74.5,17.016276766805262,10.762171397742385
52.5,18.5,7.417513146392941,9.501440362278279
-3.5,142.5,26.50741878301528,2.543197096653499
-7.5,-14.5,24.50682567806817,2.3058329384445897
37.5,-121.5,16.09974876416789,7.801866540486157
15.5,32.5,28.88953822853231,6.362472086053616
38.5,-104.5,9.425753753507824,10.410127065457237
32.5,-117.5,16.742969214349507,3.8638175615956873
61.5,-121.5,-1.605637738202501,16.226787153044313
22.5,-80.5,26.524755403728506,3.6594838749919893
31.5,-84.5,18.585490661159877,8.203687062887898
47.5,12.5,2.7840004055150054,8.723820347659139
31.5,-109.5,15.53032017812684,9.288354110507187
51.5,8.5,8.250236480098105,8.376508404231412
46.5,-67.5,6.948462190709866,12.304025577769293
-52.5,-75.5,7.690521669854242,2.05259278097125
13.5,-90.5,26.779453964878236,3.7522334611123704
-10.5,-36.5,25.147183098591576,2.25685269431644
45.5,5.5,14.581249999999978,3.404719598258284
33.5,43.5,24.46250781437727,11.186651451798928
39.5,-104.5,10.024614395490012,10.77911814005861
5.5,-55.5,26.120696104153726,3.3883659039439658
-38.5,147.5,13.147195839324382,6.22223905645501
56.5,-121.5,3.525512868595227,10.929911253952659
11.5,13.5,27.3039473313396,6.251251974906333
55.5,-102.5,-0.4607782237054258,14.305728503629073
45.5,-108.5,-6.118763228523434,19.40493439509649
52.5,23.5,6.287076076993588,10.453906850754715
57.5,-152.5,5.110414513721457,5.654317683233229
7.5,124.5,26.087748469653107,3.156196651122338
28.5,-82.5,18.812132764552796,8.255275464425956
35.5,71.5,15.712564568278147,10.102496460916141
30.5,-91.5,18.23957843888885,8.180925850425412
35.5,-0.5,12.159358413402892,4.221575135091619
44.5,-75.5,4.570303313135388,13.221148499929848
50.5,9.5,9.80773286467487,8.292017248211057
39.5,-79.5,11.384329607257772,10.75558653081373
64.5,-156.5,-5.396889132271832,16.151150904571764
-35.5,144.5,17.347414863754867,7.908915683420807
54.5,10.5,12.99003496503497,8.581321412200653
40.5,-72.5,11.26381408678256,9.690127554256282
9.5,79.5,28.28012790697659,1.8243847869233034
36.5,35.5,25.76454957874266,7.649926014322099
22.5,90.5,26.181107369697706,4.397166240447664
52.5,16.5,7.67008390383175,9.545164783666584
46.5,-68.5,2.96981352968952,12.2914814897449
48.5,10.5,6.285212079624534,9.038909798021397
-26.5,-49.5,19.81560118955427,4.485249248115107
-30.5,153.5,21.320709421077982,4.985838298316469
29.5,-81.5,22.500193291642887,5.950001358403699
41.5,-85.5,8.853248501794747,10.964967082780943
26.5,-98.5,23.550247084810206,7.058144930963466
42.5,-73.5,8.595537757437107,11.643627547644149
16.5,120.5,27.523696562223297,2.9127590184999153
47.5,16.5,10.248088123442775,9.218724494379464
29.5,-97.5,20.925723312842056,8.421668173340587
-19.5,146.5,24.25440407952393,4.721500565543195
34.5,-82.5,15.82986936984836,8.892275476366047
49.5,23.5,4.765456186510997,10.976014571126099
30.5,-81.5,21.54332876399382,6.918721934385142
31.5,-89.5,17.389502068467905,8.849796952200524
-43.5,-65.5,11.086925063462527,7.410909889027578
70.5,-68.5,-12.520935329034822,13.016916345936293
54.5,15.5,8.609787203856415,8.363053341697551
35.5,-118.5,12.707777353570718,9.280266638431128
65.5,-18.5,3.5864503693868994,7.166295979995914
-17.5,-60.5,27.76577833532694,4.466837981013695
46.5,-118.5,12.52055555609283,9.105161872133655
14.5,-90.5,19.0831720363291,3.7889020306784933
-17.5,-69.5,9.899032434780683,5.292808139796766
-0.5,134.5,27.211025374630168,2.36985843344047
54.5,20.5,6.620077613903998,10.202377093244817
-4.5,-39.5,19.787663538691714,2.1420756827427234
71.5,24.5,2.918259587510579,5.538743242909207
32.5,-111.5,20.880366574319527,9.805092325065026
65.5,-37.5,-0.7425350242788377,6.4696576714277185
58.5,8.5,6.147080979284389,9.653107866346652
68.5,-52.5,-4.483231076616307,8.69785797296427
30.5,-73.5,24.884534343253456,10.344984794061542
34.5,-119.5,15.089774201024667,4.659151013670195
-19.5,-65.5,16.250562872540662,4.190137673430117
36.5,-25.5,18.52944599188171,3.52559521365358
-14.5,-170.5,26.70704968082181,2.1054981971881768
37.5,-87.5,15.82515677747054,10.412073734440566
59.5,-134.5,0.0029004852850003835,7.624153973517641
35.5,51.5,14.211812115910107,10.386556141238026
52.5,-174.5,5.0872996282777585,3.9710577607888715
26.5,88.5,24.175395678985144,5.850247012360327
49.5,3.5,10.513235684243153,8.083530076068339
10.5,76.5,27.627835043021236,3.776429289657771
12.5,75.5,20.658255511272472,3.216053364843383
-26.5,-58.5,20.585121915695673,5.976183348067373
-10.5,142.5,26.756981574229822,2.270589844935395
14.5,76.5,25.48793945701763,4.654764219678485
63.5,-143.5,-0.8237907685195358,15.458967961428325
23.5,97.5,17.02847222222223,6.386309828175436
0.5,999.5,3.880042674253164,10.896069599999878
59.5,-131.5,4.339076464746789,8.12676333878129
-11.5,-66.5,26.778311475060246,4.3270084373275015
35.5,-117.5,20.880748581070634,10.14201001902876
-14.5,-68.5,22.41900456176534,2.4474825141015732
-0.5,132.5,27.10112810998079,2.802944716708939
55.5,-114.5,4.878793032970861,11.46540403780415
38.5,-97.5,10.520299284141954,11.612684308842175
54.5,13.5,7.8032812909139695,8.531341913726454
35.5,-96.5,16.36389236545682,7.20706989274948
36.5,2.5,19.235385638298098,6.76938659932115
36.5,-1.5,12.00928571428571,4.112322882483346
37.5,15.5,11.797488875695304,4.763972113146808
47.5,5.5,9.893755912961224,3.689164218242787
6.5,134.5,27.88040005503845,1.6890309348253396
-28.5,114.5,19.53697024870291,5.772545473230764
-31.5,115.5,17.63581079426958,5.870947649817921
47.5,-122.5,10.540735401278411,6.512518753038373
-37.5,-61.5,11.085019408138711,7.2620825992952796
-21.5,149.5,21.860299229840365,5.618644622713409
54.5,14.5,7.863753985463444,8.78131074857222
-40.5,-62.5,12.547754930115065,6.920096228239154
-31.5,-68.5,12.725026885462936,8.357795069575577
35.5,-95.5,14.100543573025405,10.050378076170734
24.5,67.5,25.96258371829571,5.572488253924283
26.5,97.5,21.701781415503042,2.5177925740072493
58.5,-156.5,1.9533021114730087,10.95656143295889
63.5,-22.5,5.181200412518298,4.955025210666478
36.5,-87.5,15.69179984608457,10.600575782817875
37.5,-95.5,12.128862763482548,11.203239569849005
31.5,-8.5,19.897570995931073,8.06234031107737
27.5,72.5,24.970674426640187,9.67089434393319
28.5,62.5,25.555423084421918,11.528549321941233
12.5,77.5,24.532816125145636,4.5996082488405765
-41.5,-71.5,6.178195654062741,5.269316383445971
59.5,-125.5,1.3623447506170667,10.509448735024336
48.5,-122.5,14.215881147540934,5.838164418099471
33.5,-111.5,21.925124977832123,9.880607220075746
50.5,2.5,8.995023977820154,8.130981907245825
44.5,-98.5,7.548968342435901,13.209852105393704
47.5,-54.5,6.889822888283458,6.57501287044824
63.5,-41.5,-0.8270384363124859,5.7398239945373
51.5,19.5,7.7405981282163365,9.770882781192936
25.5,75.5,26.697119023385206,8.226574168104452
26.5,94.5,24.090516335935245,5.834018764814592
25.5,102.5,15.716138413828762,6.10623870773715
47.5,9.5,8.632238905968823,8.924794559414128
48.5,8.5,8.542078835821373,8.584687803770525
16.5,73.5,26.695312320658523,2.7236947408484014
21.5,79.5,27.271519279307114,6.932047787589546
64.5,-165.5,-4.859999977628509,10.682506444190667
33.5,-89.5,16.729296645492425,9.198650435011608
44.5,-0.5,13.27228241873469,7.8757617984710295
55.5,20.5,2.46000971012169,10.757452490943383
36.5,3.5,18.504530364590817,7.092853687337657
23.5,69.5,26.17320616980853,7.224278270616994
-32.5,-60.5,15.128579479932643,7.0726284539887745
-6.5,-79.5,23.837334949844404,4.463728910176136
6.5,122.5,26.94043981151037,2.7484662020271315
44.5,-103.5,7.578104627154431,11.592417980561915
-16.5,145.5,24.845474958833655,3.6288374231505602
-5.5,-39.5,26.92950484308407,1.344328760687608
-14.5,-39.5,24.87903393851367,2.5137236382158696
27.5,77.5,24.320909176630124,8.850253946283264
5.5,-162.5,26.926517985611518,1.334219397546639
-23.5,-44.5,23.10046518588594,3.391816164225255
34.5,48.5,8.80507168170729,10.903941571580814
64.5,-154.5,-1.2830099970955908,13.85300934891868
12.5,-70.5,27.606604779724638,1.879436004370685
35.5,139.5,11.083520880220066,7.923544765249667
-2.5,-44.5,26.527567440860256,2.3102755372860324
42.5,-96.5,8.43696950079974,12.167264541758835
-5.5,176.5,28.18071922016873,1.547872918865749
42.5,-106.5,5.581914122448886,11.340741311182994
42.5,-82.5,9.346903574951826,11.176545914968823
51.5,10.5,8.161371631597063,9.088663963890678
24.5,98.5,13.256622442095814,9.559824033166313
16.5,96.5,25.222131147540995,1.6637658397999422
45.5,16.5,8.061966064854442,9.381856707168975
34.5,-117.5,14.809082290135809,9.451450420482864
25.5,101.5,17.747624496778894,6.336444256097854
-38.5,-67.5,9.72647016480461,7.705466995809591
-0.5,-78.5,16.286311198148475,3.9498193951185625
21.5,72.5,27.156565448120602,6.506166976893543
53.5,-167.5,4.329583623757499,4.837540534178574
60.5,-133.5,-2.374855509743549,12.932499341918518
71.5,-156.5,-14.736307977736413,12.0925585032954
21.5,94.5,26.186845039019037,7.488256489494661
38.5,-121.5,15.7832836819608,7.712610911321107
16.5,74.5,25.67462189903343,5.950144475979647
54.5,-98.5,-0.6497173693781315,14.317585977756867
-50.5,-68.5,6.966669572432108,5.920494182505766
38.5,-93.5,9.47666035974526,11.544388551726826
40.5,-97.5,11.743005499370378,11.810397307490122
60.5,-166.5,-0.7280807925109888,9.518779349316063
34.5,-79.5,13.979152791342607,9.91245248026236
-8.5,148.5,26.567702288757914,3.012472002437532
18.5,73.5,24.89049488565344,6.734328073039234
49.5,9.5,8.631737528082057,8.821007895626268
30.5,-93.5,19.240649808259676,8.052016554077198
50.5,6.5,8.508954208441386,8.12651526803806
63.5,10.5,4.737299771167054,9.312494622575072
-55.5,-67.5,6.027312456086349,3.8395291948916572
42.5,-83.5,9.839524277116059,10.980723472627393
60.5,-137.5,-1.3106460678099072,11.054858474569784
42.5,11.5,15.01068925338804,7.760053167348057
50.5,7.5,10.296786598982818,8.195085835168305
41.5,-73.5,6.155305908113779,10.626172122988601
60.5,-135.5,1.0265150770344402,12.972401332196078
65.5,-126.5,-2.595095520461038,16.317716905577566
64.5,-125.5,-3.3903365583615526,16.733856306178733
38.5,13.5,18.853151694695004,6.755943772086393
40.5,28.5,19.23856147021535,6.828533131211151
32.5,-114.5,23.453566328643138,9.265669896248685
65.5,-150.5,-5.9162829932397,13.798224558442286
-13.5,-43.5,24.50030265245974,2.2744097515549466
22.5,81.5,24.637433532048213,6.191919119567525
20.5,95.5,32.0740432612313,5.097047377796545
-34.5,148.5,15.916100041253454,8.174613619322088
33.5,49.5,12.973384201307354,10.462661256095728
19.5,74.5,25.709961820357826,6.478491411613496
49.5,18.5,1.9419550982226408,10.304832363503694
22.5,73.5,26.808886106471896,7.988206065555291
25.5,96.5,22.473469049090422,6.331672004826931
23.5,106.5,25.395785912027122,7.336042839033738
36.5,8.5,27.47608695652165,5.782000081334563
55.5,12.5,8.909113551597093,8.557683308184522
-36.5,-73.5,11.552755374938581,3.4992993530035674
32.5,118.5,15.258284671532854,7.807231392827749
38.5,-76.5,14.686129500185347,10.131658606629134
33.5,-78.5,15.676554618342283,8.716809566479698
6.5,3.5,26.08412615156203,2.229602064163286
41.5,21.5,14.064571051865741,10.36094198363409
33.5,-96.5,17.925784546842372,9.503150621295326
-41.5,147.5,12.202615869257045,5.789556625106215
17.5,78.5,26.532391415766707,5.783828836003323
-13.5,-46.5,26.610293682754605,2.933283709114958
61.5,-132.5,3.6616129032258056,12.59755521514168
-16.5,133.5,26.12935385110943,6.6275916522574
47.5,13.5,-1.8566654637385,10.072355085603464
-36.5,-57.5,13.506983074182537,6.690582450864334
-26.5,146.5,23.11671880436756,7.874003622182071
51.5,14.5,7.8424258842838865,9.641897494542047
33.5,-112.5,19.637633495634134,10.170357414802991
52.5,173.5,5.329749772154423,4.593927204648334
-22.5,-43.5,20.859894537031764,4.312965948215179
51.5,2.5,7.947782695512727,7.078793642436582
-6.5,-39.5,26.78996980027206,2.010619326617969
34.5,-87.5,16.232800437632307,9.640832587700576
-26.5,-51.5,14.977723823840668,5.237677750229035
39.5,-83.5,11.080019760253156,11.019427503610109
43.5,18.5,6.197524552183301,11.303669137144608
38.5,-92.5,11.854286702005052,11.1840789714682
31.5,24.5,12.526674897389379,4.416303733377362
21.5,81.5,27.27018028587989,6.463454164498646
34.5,-104.5,14.972405052061726,10.793465627864881
9.5,-80.5,25.82146291208793,1.7213924726417553
23.5,77.5,25.435581742604576,7.094842751435488
-16.5,-68.5,10.506284021252139,4.366671885608536
26.5,89.5,25.82626430655661,4.481341722316587
58.5,-68.5,-7.198368027724953,13.662372749180987
34.5,71.5,23.005492908095558,10.22247261551295
1.5,172.5,28.1722074816454,1.4722207955965465
28.5,104.5,20.508764775992532,8.40076536096774
-6.5,147.5,26.593732858448163,2.630240286943872
-44.5,-70.5,7.645285251619333,5.5928766525794416
30.5,114.5,13.23376383763836,6.413392946074267
58.5,-130.5,-0.4944617730841041,10.375062934882965
66.5,-50.5,-9.720660937012296,11.58638766470063
21.5,96.5,33.0707224334601,4.724495089500224
48.5,20.5,9.048351648351659,9.362068225491626
61.5,-45.5,1.872440100641961,8.212995184765521
-54.5,-68.5,5.079724496237654,4.130221626918241
-25.5,-51.5,16.24918737402697,4.118572144968251
64.5,-158.5,-2.1346348940520827,13.76747743281677
32.5,-92.5,16.82334468497449,8.842781634023394
20.5,81.5,26.11312447716248,6.521685628789389
11.5,75.5,27.616465617055532,2.7765637201336864
22.5,100.5,20.801015125391206,4.81393319811865
-18.5,-57.5,25.92189705796619,5.241668546785052
22.5,87.5,26.416595032214417,5.749266905848006
62.5,-131.5,-7.711988939740655,12.502666803667879
42.5,12.5,23.386764705882353,4.947040244422049
23.5,-82.5,25.38607975673133,3.5846108337194917
18.5,-66.5,25.979410215508864,2.8467893458871347
29.5,47.5,26.807428571428563,7.051257372313999
25.5,64.5,25.711392743740106,5.511904609272565
23.5,-15.5,20.414609739826552,2.8671996652501646
-33.5,-70.5,14.24091702508133,6.852258733543462
-21.5,-41.5,23.251848832192014,3.4829972443484705
51.5,13.5,8.276349046122439,9.084405939706677
18.5,-72.5,26.980815389705164,3.6168783814406282
-28.5,-52.5,17.371468459567676,4.978972112933352
40.5,17.5,12.724372375833871,6.716316762299225
56.5,-117.5,-1.3473245800463582,13.759582199677181
9.5,78.5,29.194721636483912,3.935413795465842
36.5,-90.5,14.247259969979822,10.19507596048676
31.5,-103.5,17.698610087919278,9.697422250239406
66.5,-65.5,-6.999619922066765,12.72042276661799
35.5,-78.5,6.878576364892883,7.409039094857786
36.5,-79.5,5.449552649690289,7.375529759653032
30.5,71.5,25.86849722458735,10.571732223694983
-17.5,-63.5,25.30961556476607,4.706777918706116
26.5,85.5,25.598035112853765,7.088523043580442
-32.5,-52.5,18.646104561230313,4.597964944342744
-27.5,151.5,18.449798258653594,4.967287132259575
54.5,-101.5,9.824259259259252,10.883718063959021
34.5,-116.5,20.895353347509914,10.422313262639475
33.5,-114.5,22.54025712605083,9.63780180753511
12.5,-68.5,27.50815807116018,1.7152731318523635
60.5,-128.5,-0.5244041256804939,14.807241193686304
51.5,178.5,7.323690773067357,2.884490224757244
52.5,10.5,8.120637609918079,8.814273790393164
15.5,78.5,28.599643585990837,5.810353323490968
-10.5,-37.5,26.04676644763138,1.8906416677185836
27.5,97.5,18.611204522697122,5.917598528049752
39.5,32.5,13.036160651593818,10.632265219765955
-41.5,-72.5,10.706063574324837,3.500614179132957
32.5,-80.5,17.7717006950123,8.496208148156297
50.5,10.5,7.164396176309036,9.26078858234769
27.5,95.5,22.438090167768618,6.405431728181592
53.5,12.5,7.976072759006772,8.128724506439086
24.5,77.5,24.760355601233286,8.351213508694217
13.5,-59.5,26.523516487432392,1.945606019293238
29.5,106.5,14.381649264692285,8.443540168075613
-28.5,-54.5,20.125139030757015,5.280443096856145
52.5,-102.5,2.0049882035940074,13.375779233638147
17.5,76.5,27.81153417681228,5.660102540763001
67.5,-50.5,-2.585356809853236,11.88347982421545
-21.5,164.5,23.414111838021647,4.098696021137197
65.5,-168.5,-2.8996219790784767,11.021139516568374
-20.5,-66.5,11.618891728022806,7.833573877358593
-30.5,121.5,18.302201633381433,7.6851655302177075
6.5,79.5,27.154925274262574,2.48514216336486
61.5,-149.5,2.882971050550865,10.299885734208885
51.5,177.5,3.6511755791451748,3.873371059373715
61.5,-48.5,0.714256510895925,7.00791761356497
33.5,-95.5,22.378750000000004,10.35229556366609
36.5,-121.5,12.954480479662289,4.816788878895533
16.5,77.5,28.207890422449314,5.369537538934399
28.5,-89.5,19.638318873884952,6.096139532856529
64.5,-149.5,4.60437999408109,10.651693391890849
64.5,-145.5,-15.659892183288383,9.31589650818317
-28.5,-48.5,20.024020751576746,3.778035906889224
-29.5,-53.5,19.095064457868244,5.620801131549138
43.5,-75.5,8.545916317190912,11.763645674914988
40.5,-111.5,5.825552818579002,10.28419287118139
36.5,-76.5,18.517787583261402,8.165355493298543
-1.5,-47.5,25.297364996747106,3.3703724947780143
36.5,-119.5,15.898605833665163,9.183209801089179
13.5,80.5,28.117987653920125,3.456799570336227
53.5,19.5,6.45,12.70110723519804
-1.5,149.5,26.864482740521733,2.341349287176792
30.5,109.5,23.854449894884215,5.826937015680481
63.5,-160.5,-0.19401920356475524,11.361072135008257
66.5,-53.5,-2.2874486098760034,7.436132155085091
-37.5,144.5,14.955893198924159,6.25737977641996
25.5,107.5,21.993887439433394,3.897148615698478
48.5,-54.5,4.782575749222512,9.434633408039891
-15.5,-56.5,24.499225957021384,3.272657991195344
43.5,4.5,17.665258899676292,7.262149189827036
-50.5,-72.5,5.97201559772039,5.505215328690348
61.5,-94.5,-9.896050575881784,14.619844725936941
24.5,66.5,25.51798093992333,4.608783842399234
12.5,79.5,28.121762860526914,4.868947344632221
60.5,-43.5,1.0914673828103671,4.92598092102924
25.5,-80.5,24.878665324094992,4.476809936974775
45.5,-118.5,11.478179335224315,9.710173014095984
59.5,10.5,4.946692067890549,11.003593674231276
48.5,13.5,8.18300941516697,9.309702180333268
22.5,-84.5,26.863559591514882,3.5436862291978644
8.5,-79.5,26.709903425068468,2.678999539357874
-40.5,-64.5,12.816061818499952,7.191091153751468
-9.5,-67.5,24.94579439252337,2.084445302570092
21.5,75.5,27.344244503142768,7.796296472323974
36.5,59.5,12.855226658880206,10.771203438361216
50.5,8.5,8.512067527519841,8.688578750190487
52.5,174.5,4.750279142653276,4.25516725850961
38.5,-94.5,14.390024529844661,10.403014753956867
62.5,-93.5,3.454696969696966,7.789972229245453
11.5,79.5,27.85747879424312,3.4605295430353578
34.5,-76.5,19.33739427012274,7.8099736863168445
23.5,85.5,23.619535661308753,6.126770543908292
52.5,-0.5,8.447778587462532,5.779152081558683
34.5,-83.5,17.3130939809927,8.138605585808167
32.5,-85.5,18.714005756020462,8.999215926107142
52.5,14.5,7.399431455798484,9.804183407307791
-12.5,-38.5,24.909385592504655,2.205906707855041
7.5,-78.5,25.65191407412134,2.3480495730499062
-12.5,143.5,25.39370824134049,3.300147129219365
26.5,78.5,22.426472122838405,8.479196415625164
32.5,-110.5,20.897936544895867,9.140201257218157
33.5,-98.5,15.906766839543328,10.510541727737955
-17.5,-39.5,23.936129812078097,2.7951519773476448
8.5,167.5,28.198731930233677,1.6441480416467502
46.5,-119.5,15.417644376899625,10.271076791806635
-10.5,-48.5,25.000000000000004,1.8818975693534084
30.5,-83.5,20.670083973801603,7.7414083447868505
17.5,54.5,25.802811700022847,3.2581299807546213
15.5,75.5,26.12327619414485,5.1743346435394235
-1.5,-48.5,26.08400994612959,2.6513784728189584
30.5,32.5,17.739889025977202,6.421127560084081
37.5,13.5,11.076930399179135,4.475122407130783
-6.5,155.5,25.799551665709373,2.8467117143443987
43.5,-69.5,8.444699712823093,9.566478713899665
16.5,81.5,27.99936951355544,3.8905432007497236
37.5,-97.5,11.587809863646655,11.172807871858089
-28.5,-65.5,20.025168029704844,9.45717647898933
29.5,66.5,9.340474232797641,8.863820777378297
29.5,-99.5,20.187141329280692,8.05701944850335
-9.5,160.5,26.764142163274148,2.987513002862115
-21.5,-46.5,17.26139630390145,3.976980541947952
29.5,109.5,26.432737169517782,4.941811626338301
8.5,-80.5,26.990506414315398,3.0162328044981366
29.5,-100.5,22.18114603999565,8.573345008443727
-20.5,-54.5,21.70026808412854,3.857597738202395
63.5,-90.5,-11.663873908299358,15.334098583719813
38.5,-90.5,13.742112491416503,10.586866621433849
-16.5,-62.5,24.933352689596646,3.878023356531845
54.5,19.5,7.201761704841551,9.43847338616508
42.5,-87.5,12.076394052044567,10.037153547595473
34.5,5.5,13.029705619982185,4.056004106957896
-6.5,-35.5,21.97601939133322,2.1930352365794445
66.5,-162.5,-6.949496352900346,12.947338543163776
22.5,-72.5,26.14868621390987,3.084844194829682
25.5,71.5,26.29700723327303,8.206898318646926
14.5,79.5,29.04720933938956,4.543605912851361
49.5,21.5,5.078486460969205,10.728901395425686
50.5,23.5,3.5559853059581377,11.204690310270118
44.5,-83.5,8.376050557828433,10.856083729392363
24.5,89.5,23.559678262076392,5.584757703685939
-17.5,177.5,24.904655023204,3.419697784680524
44.5,-112.5,3.3504588217810913,10.87780613756031
59.5,-127.5,0.3338714901378084,12.954823279639918
20.5,-13.5,29.30271195119077,7.324865345742865
-20.5,164.5,24.943970448175207,3.8616061162928883
31.5,104.5,19.89101300748931,8.254279120934223
35.5,-119.5,16.82810106728856,8.85612090758674
54.5,22.5,4.943944339626059,11.021736516992343
28.5,-177.5,23.325498250418484,3.0364760159871245
32.5,6.5,12.423549605218,6.550492692404366
31.5,69.5,19.52631352880148,10.648825113140871
-25.5,-50.5,16.55844730378475,4.397716246557184
44.5,12.5,16.26578525641025,5.8872478054787845
23.5,96.5,17.457071960297778,7.113309676453996
-22.5,-42.5,19.689116716890076,4.5883366425879215
15.5,-88.5,25.916614507927257,3.353486844902302
54.5,8.5,7.254722222222215,7.903025435486767
33.5,-93.5,22.690073081607736,7.069755459716681
48.5,135.5,-1.8360403863038048,12.32282177038495
-9.5,152.5,27.048711786669127,2.395856140608744
55.5,-120.5,4.908511733752047,11.806444646982188
-20.5,146.5,23.15859154812504,5.754000529269504
-20.5,118.5,27.56470549851022,6.912502536584793
10.5,78.5,29.16364349297071,4.461268837392735
22.5,91.5,25.595987230532884,4.584609402010123
57.5,-122.5,3.2402422006231575,11.301237853582375
32.5,72.5,24.925751266464026,10.607053389315517
60.5,-46.5,0.8132508933265039,5.414943579475455
-15.5,-5.5,15.736092631070088,2.3794867550863024
43.5,27.5,11.9994771852216,9.100232878457264
18.5,98.5,23.665492473901484,5.559623620485586
7.5,-80.5,27.02313528626144,2.1632411491379777
30.5,48.5,22.42066352403121,9.834009558107386
40.5,-76.5,11.674505478591758,10.771036284123964
60.5,-132.5,0.9654668081127191,10.93438825820934
30.5,120.5,15.308596300326476,4.355550295637792
12.5,76.5,24.455196556565486,4.6199068162527634
-23.5,-48.5,19.276297636816487,4.28774168817184
54.5,120.5,6.806932018510463,9.734465621828837
-5.5,-35.5,25.928255365784818,2.3234417582030953
24.5,-81.5,26.05639836289228,3.3122560641031655
12.5,121.5,26.52772151898729,2.753479478569779
-27.5,-66.5,14.93405460067722,7.317110298658391
22.5,95.5,28.81276051188298,5.220330971392015
19.5,166.5,25.272727272727273,1.2210955655333808
19.5,79.5,27.373182092169444,7.062128809577525
-6.5,146.5,26.687954901414784,3.248419224623551
-3.5,-40.5,27.35519082174294,1.5944847471060273
56.5,9.5,6.742314647377957,8.80496549835511
-0.5,-48.5,26.667025988313117,1.3502339588375352
51.5,6.5,9.64551178830752,8.254256543272614
-21.5,-43.5,19.07505470300536,3.823360324175288
-22.5,-45.5,18.048962601732068,4.464916019116539
39.5,-75.5,12.422423023547804,10.488477122640656
33.5,130.5,-0.5444444444444445,0.7558822822975533
33.5,-102.5,15.846343300857285,9.989590224167179
-10.5,-65.5,26.78487258372742,4.162404687263277
17.5,73.5,23.068260851045785,4.824114827610977
11.5,92.5,26.159649122807007,1.5486111093858967
-36.5,-65.5,11.691959003394633,7.643323254950657
-18.5,-43.5,18.132504612524706,2.8539100116020766
-29.5,-61.5,16.501503803182082,6.976510094980889
22.5,108.5,26.104654291502136,5.4620723134738824
-22.5,166.5,22.787133034510028,4.113887520848345
40.5,-75.5,12.865546331310421,10.833170014813387
39.5,9.5,14.45904472071144,7.059098217535247
52.5,9.5,8.326375578156721,8.681250478145916
-16.5,-60.5,26.320022583274376,4.961881487092921
33.5,-90.5,18.171772157464737,9.403965187551961
24.5,141.5,25.126136202746938,3.645727859226316
67.5,-115.5,-10.370881011765405,15.097585284937479
55.5,8.5,7.124127906976723,8.072449870632676
30.5,-85.5,20.817074613956212,7.489698502425956
-35.5,149.5,13.686127747660642,7.783082569572772
31.5,-82.5,18.07905649506263,8.446548213490496
59.5,-135.5,4.537686461009188,6.0217118602500745
19.5,-70.5,24.670323532597006,2.9197611716134753
49.5,1.5,8.968004067843342,8.000080248062412
24.5,74.5,24.824676263865836,7.637695111709408
40.5,-112.5,12.00825497434657,12.145356286335382
53.5,11.5,8.528994278730673,8.918539738314495
27.5,81.5,25.47445630905697,8.179329721426367
58.5,5.5,7.702146480179238,6.636537620705889
33.5,-86.5,14.772888308439127,9.05952355484003
27.5,78.5,25.14645661482458,8.698153246600334
18.5,79.5,27.958685936093786,5.802190628653297
21.5,95.5,31.468906810035804,4.834761660135545
43.5,21.5,9.225975225588543,10.62491829263894
23.5,-166.5,24.95760759064717,2.44326796654702
54.5,11.5,7.933727442960845,7.680077418151484
-33.5,-65.5,13.014064191093548,7.941321901240783
56.5,-120.5,-0.47278865112563295,13.314131449456331
24.5,91.5,20.72108581210712,6.676018773540493
43.5,11.5,14.194398346386283,8.588051024303558
37.5,62.5,2.8,0.0
-9.5,147.5,26.769931016708533,3.0684845317115332
17.5,102.5,23.9909975530297,6.42303518754912
30.5,104.5,13.61144200055773,8.357216501010262
63.5,-145.5,1.5853985590469755,12.483742318746717
34.5,-100.5,17.232245804175264,10.515953058947812
-23.5,133.5,21.77873639525427,8.741989167734012
-21.5,115.5,25.687569131204647,6.5177783677676855
-1.5,136.5,26.762817127699865,2.3743032389424354
27.5,109.5,16.265684177789264,8.769428801078357
22.5,70.5,26.3700087578776,7.670945728122415
37.5,-123.5,14.706218487394965,2.5953180183030726
44.5,-121.5,9.185535415848548,9.853098523715843
60.5,-130.5,-1.052933845842217,12.049729498920502
16.5,82.5,27.96262632738928,4.016118381617149
30.5,-88.5,20.865974377673215,7.57785435085157
-23.5,150.5,22.085051267026742,6.23418574199136
32.5,74.5,23.923696786879834,9.855688306457951
1.5,131.5,27.56285714285713,2.7371346555201987
28.5,50.5,24.698818765894806,7.019166547681062
23.5,87.5,25.830825829415158,6.059701646681321
-29.5,-59.5,18.489201922170388,6.49457881421243
0.5,0.5,8.343881888188822,12.398841108084746
13.5,144.5,27.72573714080606,2.3454080708306457
48.5,-106.5,0.36844157208174844,12.515724627327675
-39.5,-65.5,11.3739691151342,7.575476237424972
40.5,-86.5,14.339692880409473,9.109578959444281
20.5,70.5,25.265873811612643,4.746675301511302
38.5,-74.5,14.514059970209177,8.184154795359381
50.5,3.5,10.052538418425847,7.326929145041833
8.5,76.5,26.802460415575062,2.436588753853177
47.5,10.5,5.552625706786092,9.712703980126875
26.5,64.5,14.948270978305365,7.619580572669485
52.5,1.5,8.8319851647905,6.03587441455399
27.5,-13.5,20.45612244897959,2.090502478078718
26.5,93.5,21.95765689655156,5.331934144076747
43.5,7.5,13.780367118914645,4.56450067646814
53.5,6.5,7.879443600640749,6.777896035473712
60.5,-145.5,4.918127098013576,7.457249910039854
53.5,20.5,27.8,0.0
59.5,-126.5,2.339831637028981,13.406035118202137
-38.5,-70.5,7.472130910932053,7.305398623858999
24.5,92.5,24.92406180690306,5.237215898350446
35.5,-82.5,12.214857680900543,9.44673801639508
25.5,61.5,26.287754704642992,5.1065370901107
-21.5,-175.5,23.779207688701412,3.318441620272416
99.5,999.5,19.704709665962845,8.415366683713675
53.5,18.5,7.356747889059792,9.840271450379765
53.5,-101.5,-6.897779075156203,18.8023058690705
51.5,179.5,4.332749186807458,3.7096365226493755
6.5,81.5,26.423049645390044,1.7830368719962268
53.5,17.5,7.538659093908154,9.64178397477346
4.5,-74.5,15.84521538347418,3.636334884343754
